2026,1,1,NSK,1A,VA,DF
2026,1,2,NSK,1A,VA,DF
2026,1,3,CKA,1A,ENG,R204
2026,1,3,LWK,1A,ENG,R321
2026,1,4,CKA,1A,ENG,R204
2026,1,4,LWK,1A,ENG,R321
2026,1,5,YBK,1A,MATH,R204
2026,1,6,KCK,1A,CL,CR2
2026,1,6,KYM,1A,CL,CR1
2026,1,7,KCK,1A,CL,CR2
2026,1,7,KYM,1A,CL,CR1
2026,1,8,CCH,1A,SCJ,R204
2026,1,9,LTYA,1A,CES,R204
2026,1,10,LTYA,1A,CES,R204
2026,2,1,YBK,1A,MATH,R204
2026,2,2,LEW,1A,CHIN,R204
2026,2,3,CCH,1A,SCJ,BIO
2026,2,4,CCH,1A,SCJ,BIO
2026,2,5,CWL,1A,HIST,R204
2026,2,6,CWL,1A,HIST,R204
2026,2,7,CKA,1A,ENG,R204
2026,2,7,LCM,1A,ENG,ERC
2026,2,7,LWK,1A,ENG,R321
2026,2,8,MKW,1A,BMVE,R204
2026,2,9,MKW,1A,BMVE,R204
2026,2,10,CTHA,1A,Read,R204
2026,3,1,LEW,1A,CHIN,R204
2026,3,2,LEW,1A,CHIN,R204
2026,3,3,TIS,1A,PE,PG1
2026,3,4,TIS,1A,PE,PG1
2026,3,5,CKA,1A,ENG,R204
2026,3,5,LCM,1A,ENG,ERC
2026,3,5,LWK,1A,ENG,R321
2026,3,6,CCH,1A,SCJ,BIO
2026,3,7,CCH,1A,SCJ,BIO
2026,3,8,CCH,1A,ARD,R204
2026,3,9,CCH,1A,CPA,R204
2026,3,9,LTYA,1A,CPA,R204
2026,3,9,YBK,1A,CPA,R204
2026,4,1,LEW,1A,CHIN,R204
2026,4,2,LEW,1A,CHIN,R204
2026,4,3,YBK,1A,MATH,R204
2026,4,4,YBK,1A,MATH,R204
2026,4,5,HCHA,1A,MUS,MUS
2026,4,5,YYS,1A,CATE,AC
2026,4,6,HCHA,1A,MUS,MUS
2026,4,6,YYS,1A,CATE,AC
2026,4,7,CKA,1A,ENG,R204
2026,4,7,LCM,1A,ENG,ERC
2026,4,7,LWK,1A,ENG,R321
2026,4,8,LTYA,1A,STEA,HTSC
2026,4,8,LYMA,1A,STEA,KFIC
2026,4,9,LTYA,1A,STEA,HTSC
2026,4,9,LYMA,1A,STEA,KFIC
2026,4,10,LTYA,1A,Read,R204
2026,5,1,LTW,1A,CHIS,R204
2026,5,2,LTW,1A,CHIS,R204
2026,5,3,WSWA,1A,GEOG,R204
2026,5,4,WSWA,1A,GEOG,R204
2026,5,5,LEW,1A,CHIN,R204
2026,5,6,YBK,1A,MATH,R204
2026,5,7,YBK,1A,MATH,R204
2026,5,8,CKA,1A,ENG,R204
2026,5,8,LWK,1A,ENG,R321
2026,5,9,CKA,1A,ENG,R204
2026,5,9,LWK,1A,ENG,R321
2026,5,10,LWY,1A,PTH,R204
2026,1,1,LHYB,1B,HIST,R301
2026,1,2,LHYB,1B,HIST,R301
2026,1,3,LWK,1B,ENG,R321
2026,1,3,WKY,1B,ENG,R301
2026,1,4,LWK,1B,ENG,R321
2026,1,4,WKY,1B,ENG,R301
2026,1,5,LTW,1B,CHIN,R301
2026,1,6,LTW,1B,CHIN,R301
2026,1,7,LPHA,1B,MATH,R301
2026,1,8,CTHA,1B,SCJ,BIO
2026,1,9,CTHA,1B,SCJ,BIO
2026,1,10,LWY,1B,PTH,R301
2026,2,1,KCK,1B,CL,CR2
2026,2,1,LWKA,1B,CL,CR3
2026,2,2,KCK,1B,CL,CR2
2026,2,2,LWKA,1B,CL,CR3
2026,2,3,LPHA,1B,MATH,R301
2026,2,4,LPHA,1B,MATH,R301
2026,2,5,HCHA,1B,MUS,MUS
2026,2,5,YYS,1B,CATE,AC
2026,2,6,HCHA,1B,MUS,MUS
2026,2,6,YYS,1B,CATE,AC
2026,2,7,LCM,1B,ENG,ERC
2026,2,7,LWK,1B,ENG,R321
2026,2,7,WKY,1B,ENG,R301
2026,2,8,CHLA,1B,CHIS,R301
2026,2,9,CHLA,1B,CHIS,R301
2026,2,10,MKW,1B,Read,R301
2026,3,1,SSTA,1B,PE,PG1
2026,3,2,SSTA,1B,PE,PG1
2026,3,3,CTHA,1B,SCJ,BIO
2026,3,4,CTHA,1B,SCJ,BIO
2026,3,5,LCM,1B,ENG,ERC
2026,3,5,LWK,1B,ENG,R321
2026,3,5,WKY,1B,ENG,R301
2026,3,6,LPHA,1B,MATH,R301
2026,3,7,LTW,1B,CHIN,R301
2026,3,8,WKY,1B,ARD,R301
2026,3,9,MKW,1B,CPA,R301
2026,3,9,WKY,1B,CPA,R301
2026,3,9,WSWA,1B,CPA,R301
2026,4,1,NSK,1B,VA,DF
2026,4,2,NSK,1B,VA,DF
2026,4,3,LTW,1B,CHIN,R301
2026,4,4,LTW,1B,CHIN,R301
2026,4,5,WSWA,1B,GEOG,R301
2026,4,6,WSWA,1B,GEOG,R301
2026,4,7,LCM,1B,ENG,ERC
2026,4,7,LWK,1B,ENG,R321
2026,4,7,WKY,1B,ENG,R301
2026,4,8,MKW,1B,BMVE,R301
2026,4,9,MKW,1B,BMVE,R301
2026,4,10,WSWA,1B,Read,R301
2026,5,1,LYMA,1B,STEA,HTSC
2026,5,1,WWH,1B,STEA,KFIC
2026,5,2,LYMA,1B,STEA,HTSC
2026,5,2,WWH,1B,STEA,KFIC
2026,5,3,CHLA,1B,CES,R301
2026,5,4,CHLA,1B,CES,R301
2026,5,5,LTW,1B,CHIN,R301
2026,5,6,LPHA,1B,MATH,R301
2026,5,7,LPHA,1B,MATH,R301
2026,5,8,LWK,1B,ENG,R321
2026,5,8,WKY,1B,ENG,R301
2026,5,9,LWK,1B,ENG,R321
2026,5,9,WKY,1B,ENG,R301
2026,5,10,CTHA,1B,SCJ,R301
2026,1,1,HCHA,1C,MUS,MUS
2026,1,1,YYS,1C,CATE,AC
2026,1,2,HCHA,1C,MUS,MUS
2026,1,2,YYS,1C,CATE,AC
2026,1,3,NSK,1C,VA,DF
2026,1,4,NSK,1C,VA,DF
2026,1,5,KKH,1C,SCJ,BIO
2026,1,6,KKH,1C,SCJ,BIO
2026,1,7,LWY,1C,CHIN,R102
2026,1,9,CHK,1C,ENG,R102
2026,1,10,CHK,1C,ENG,R102
2026,1,8,PWK,1C,MATH,R102
2026,2,1,LWY,1C,CHIN,R102
2026,2,2,LWY,1C,CHIN,R102
2026,2,3,CWL,1C,HIST,R102
2026,2,4,CWL,1C,HIST,R102
2026,2,5,LWY,1C,PTH,R102
2026,2,6,KYM,1C,CL,CR1
2026,2,6,LWKA,1C,CL,CR3
2026,2,7,KYM,1C,CL,CR1
2026,2,7,LWKA,1C,CL,CR3
2026,2,8,PWK,1C,MATH,R102
2026,2,9,CHK,1C,ENG,R102
2026,2,9,LCM,1C,ENG,R102
2026,2,10,CHK,1C,Read,R102
2026,3,1,TIS,1C,PE,PG2
2026,3,2,TIS,1C,PE,PG2
2026,3,3,LYMA,1C,STEA,HTSC
2026,3,3,WWH,1C,STEA,KFIC
2026,3,4,LYMA,1C,STEA,HTSC
2026,3,4,WWH,1C,STEA,KFIC
2026,3,5,CHK,1C,ENG,R102
2026,3,6,PWK,1C,MATH,R102
2026,3,7,LWY,1C,CHIN,R102
2026,3,8,CHK,1C,ARD,R102
2026,3,9,CHK,1C,CPA,R102
2026,3,9,LWY,1C,CPA,R102
2026,4,1,WSWA,1C,GEOG,R102
2026,4,2,WSWA,1C,GEOG,R102
2026,4,3,MKW,1C,BMVE,R102
2026,4,4,MKW,1C,BMVE,R102
2026,4,5,KKH,1C,SCJ,BIO
2026,4,6,KKH,1C,SCJ,BIO
2026,4,7,CHK,1C,ENG,R102
2026,4,8,PWK,1C,MATH,R102
2026,4,9,PWK,1C,MATH,R102
2026,4,10,LWY,1C,Read,R102
2026,5,1,FSC,1C,CES,R102
2026,5,2,FSC,1C,CES,R102
2026,5,3,CHK,1C,ENG,R102
2026,5,4,CHK,1C,ENG,R102
2026,5,5,KKH,1C,SCJ,R102
2026,5,6,LWY,1C,CHIN,R102
2026,5,7,LWY,1C,CHIN,R102
2026,5,8,PCS,1C,CHIS,R102
2026,5,9,PCS,1C,CHIS,R102
2026,5,10,PWK,1C,MATH,R102
2026,1,1,YTL,1D,ENG,R202
2026,1,2,YTL,1D,ENG,R202
2026,1,3,MKW,1D,BMVE,R202
2026,1,4,MKW,1D,BMVE,R202
2026,1,5,LWY,1D,PTH,R202
2026,1,6,LKYA,1D,MATH,R202
2026,1,7,LKYA,1D,MATH,R202
2026,1,8,LWY,1D,CHIN,R202
2026,1,9,LWY,1D,CHIN,R202
2026,1,10,CTHA,1D,SCJ,R202
2026,2,1,CHLA,1D,CHIS,R202
2026,2,2,CHLA,1D,CHIS,R202
2026,2,3,HCHA,1D,MUS,MUS
2026,2,3,YYS,1D,CATE,AC
2026,2,4,HCHA,1D,MUS,MUS
2026,2,4,YYS,1D,CATE,AC
2026,2,5,YTL,1D,ENG,R202
2026,2,6,KCK,1D,CL,CR2
2026,2,6,KYM,1D,CL,CR1
2026,2,7,KCK,1D,CL,CR2
2026,2,7,KYM,1D,CL,CR1
2026,2,8,LKYA,1D,MATH,R202
2026,2,9,LWY,1D,CHIN,R202
2026,2,10,YTL,1D,Read,R202
2026,3,1,LKYA,1D,MATH,R202
2026,3,2,LWY,1D,CHIN,R202
2026,3,3,LKYA,1D,PE,PG2
2026,3,4,LKYA,1D,PE,PG2
2026,3,5,NSK,1D,VA,DF
2026,3,6,NSK,1D,VA,DF
2026,3,7,YTL,1D,ENG,R202
2026,3,8,CHLA,1D,ARD,R202
2026,3,9,CHLA,1D,CPA,R202
2026,3,9,LKYA,1D,CPA,R202
2026,3,9,YTL,1D,CPA,R202
2026,4,1,LHYB,1D,HIST,R202
2026,4,2,LHYB,1D,HIST,R202
2026,4,3,LYMA,1D,STEA,HTSC
2026,4,3,WWH,1D,STEA,KFIC
2026,4,4,LYMA,1D,STEA,HTSC
2026,4,4,WWH,1D,STEA,KFIC
2026,4,5,LKYA,1D,MATH,R202
2026,4,6,YTL,1D,ENG,R202
2026,4,7,YTL,1D,ENG,R202
2026,4,8,CTHA,1D,SCJ,BIO
2026,4,9,CTHA,1D,SCJ,BIO
2026,4,10,YTL,1D,Read,R202
2026,5,1,LWY,1D,CHIN,R202
2026,5,2,LWY,1D,CHIN,R202
2026,5,3,CTHA,1D,SCJ,BIO
2026,5,4,CTHA,1D,SCJ,BIO
2026,5,5,YTL,1D,ENG,R202
2026,5,6,WSWA,1D,GEOG,R202
2026,5,7,WSWA,1D,GEOG,R202
2026,5,8,CHLA,1D,CES,R202
2026,5,9,CHLA,1D,CES,R202
2026,5,10,LKYA,1D,MATH,R202
2026,1,1,LKYA,2A,PE,PG1
2026,1,2,LKYA,2A,PE,PG1
2026,1,3,LTW,2A,CHIN,R304
2026,1,4,LTW,2A,CHIN,R304
2026,1,5,CWL,2A,CHIS,R304
2026,1,6,CWL,2A,CHIS,R304
2026,1,7,CTHA,2A,SCJ,R304
2026,1,8,CMTA,2A,ENG,R422
2026,1,8,FCQA,2A,ENG,R304
2026,1,9,CMTA,2A,ENG,R422
2026,1,9,FCQA,2A,ENG,R304
2026,1,10,LJSA,2A,MATH,R304
2026,2,1,LHYB,2A,HIST,R304
2026,2,2,LHYB,2A,HIST,R304
2026,2,3,CTHA,2A,SCJ,CHEM
2026,2,4,CTHA,2A,SCJ,CHEM
2026,2,5,CMTA,2A,ENG,R421
2026,2,5,FCQA,2A,ENG,R304
2026,2,5,LCM,2A,ENG,ERC
2026,2,6,MKW,2A,BMVE,R304
2026,2,7,MKW,2A,BMVE,R304
2026,2,8,LTW,2A,CHIN,R304
2026,2,9,LTW,2A,CHIN,R304
2026,2,10,CWL,2A,Read,R304
2026,3,1,LTW,2A,CHIN,R304
2026,3,2,CMTA,2A,ENG,R421
2026,3,2,FCQA,2A,ENG,R304
2026,3,2,LCM,2A,ENG,ERC
2026,3,3,LJSA,2A,MATH,R304
2026,3,4,LJSA,2A,MATH,R304
2026,3,5,LEW,2A,PTH,R304
2026,3,6,LYMA,2A,STEA,HTSC
2026,3,6,WWH,2A,STEA,KFIC
2026,3,7,LYMA,2A,STEA,HTSC
2026,3,7,WWH,2A,STEA,KFIC
2026,3,8,CMTA,2A,ARD,R304
2026,3,9,CMTA,2A,CPA,R304
2026,3,9,CWL,2A,CPA,R304
2026,3,9,LYMA,2A,CPA,R304
2026,4,1,CTHA,2A,SCJ,CHEM
2026,4,2,CTHA,2A,SCJ,CHEM
2026,4,3,NSK,2A,VA,DF
2026,4,4,NSK,2A,VA,DF
2026,4,5,CMTA,2A,ENG,R422
2026,4,5,FCQA,2A,ENG,R304
2026,4,6,CMTA,2A,ENG,R422
2026,4,6,FCQA,2A,ENG,R304
2026,4,7,LJSA,2A,MATH,R304
2026,4,8,HCHA,2A,MUS,MUS
2026,4,8,YYS,2A,CATE,AC
2026,4,9,HCHA,2A,MUS,MUS
2026,4,9,YYS,2A,CATE,AC
2026,4,10,CWL,2A,Read,R304
2026,5,1,LJSA,2A,MATH,R304
2026,5,2,LJSA,2A,MATH,R304
2026,5,3,LTYA,2A,CES,R304
2026,5,4,LTYA,2A,CES,R304
2026,5,5,CWL,2A,GEOG,R304
2026,5,6,CWL,2A,GEOG,R304
2026,5,7,LTW,2A,CHIN,R304
2026,5,8,CMTA,2A,ENG,R422
2026,5,8,FCQA,2A,ENG,R304
2026,5,8,LCM,2A,ENG,ERC
2026,5,9,KCK,2A,CL,CR2
2026,5,9,LWKA,2A,CL,CR3
2026,5,10,KCK,2A,CL,CR2
2026,5,10,LWKA,2A,CL,CR3
2026,1,1,CSKA,2B,MATH,R314
2026,1,2,CSKA,2B,MATH,R314
2026,1,3,LKYA,2B,PE,PG1
2026,1,4,LKYA,2B,PE,PG1
2026,1,5,MKYA,2B,CHIN,R314
2026,1,6,MKYA,2B,CHIN,R314
2026,1,7,LEW,2B,PTH,R314
2026,1,8,CMTA,2B,ENG,R422
2026,1,8,TSM,2B,ENG,R314
2026,1,9,CMTA,2B,ENG,R422
2026,1,9,TSM,2B,ENG,R314
2026,1,10,KKH,2B,SCJ,R314
2026,2,1,KKH,2B,SCJ,CHEM
2026,2,2,KKH,2B,SCJ,CHEM
2026,2,3,MKW,2B,BMVE,R314
2026,2,4,MKW,2B,BMVE,R314
2026,2,5,CMTA,2B,ENG,R421
2026,2,5,LCM,2B,ENG,ERC
2026,2,5,TSM,2B,ENG,R314
2026,2,6,MKYA,2B,CHIN,R314
2026,2,7,MKYA,2B,CHIN,R314
2026,2,8,HCHA,2B,MUS,MUS
2026,2,8,YYS,2B,CATE,AC
2026,2,9,HCHA,2B,MUS,MUS
2026,2,9,YYS,2B,CATE,AC
2026,2,10,TSM,2B,Read,R314
2026,3,1,CSKA,2B,MATH,R314
2026,3,2,CMTA,2B,ENG,R421
2026,3,2,LCM,2B,ENG,ERC
2026,3,2,TSM,2B,ENG,R314
2026,3,3,LTYA,2B,CES,R314
2026,3,4,LTYA,2B,CES,R314
2026,3,5,MKYA,2B,CHIN,R314
2026,3,6,CWL,2B,HIST,R314
2026,3,7,CWL,2B,HIST,R314
2026,3,8,TSM,2B,ARD,R314
2026,3,9,KKH,2B,CPA,R314
2026,3,9,MKYA,2B,CPA,R314
2026,3,9,TSM,2B,CPA,R314
2026,4,1,LTYA,2B,STEA,HTSC
2026,4,1,LYMA,2B,STEA,KFIC
2026,4,2,LTYA,2B,STEA,HTSC
2026,4,2,LYMA,2B,STEA,KFIC
2026,4,3,CSKA,2B,MATH,R314
2026,4,4,CSKA,2B,MATH,R314
2026,4,5,CMTA,2B,ENG,R422
2026,4,5,TSM,2B,ENG,R314
2026,4,6,CMTA,2B,ENG,R422
2026,4,6,TSM,2B,ENG,R314
2026,4,7,MKYA,2B,CHIN,R314
2026,4,8,WSWA,2B,GEOG,R314
2026,4,9,WSWA,2B,GEOG,R314
2026,4,10,MKYA,2B,Read,R314
2026,5,1,KKH,2B,SCJ,CHEM
2026,5,2,KKH,2B,SCJ,CHEM
2026,5,3,KCK,2B,CL,CR2
2026,5,3,KYM,2B,CL,CR1
2026,5,4,KCK,2B,CL,CR2
2026,5,4,KYM,2B,CL,CR1
2026,5,5,MKYA,2B,CHIS,R314
2026,5,6,MKYA,2B,CHIS,R314
2026,5,7,CSKA,2B,MATH,R314
2026,5,8,CMTA,2B,ENG,R422
2026,5,8,LCM,2B,ENG,ERC
2026,5,8,TSM,2B,ENG,R314
2026,5,9,NSK,2B,VA,DF
2026,5,10,NSK,2B,VA,DF
2026,1,1,TIS,2C,PE,PG2
2026,1,2,TIS,2C,PE,PG2
2026,1,3,PKK,2C,CHIN,R203
2026,1,4,PKK,2C,CHIN,R203
2026,1,5,WSWA,2C,GEOG,R203
2026,1,6,WSWA,2C,GEOG,R203
2026,1,7,NHCA,2C,MATH,R203
2026,1,9,PKK,2C,CHIS,R203
2026,1,10,PKK,2C,CHIS,R203
2026,1,8,CHK,2C,ENG,R203
2026,2,1,PKK,2C,CHIN,R203
2026,2,2,NHCA,2C,MATH,R203
2026,2,3,LYMA,2C,STEA,HTSC
2026,2,3,WWH,2C,STEA,KFIC
2026,2,4,LYMA,2C,STEA,HTSC
2026,2,4,WWH,2C,STEA,KFIC
2026,2,5,NSK,2C,VA,DF
2026,2,6,NSK,2C,VA,DF
2026,2,7,CTHA,2C,SCJ,R203
2026,2,8,CHK,2C,ENG,R203
2026,2,8,LCM,2C,ENG,R203
2026,2,9,LEW,2C,PTH,R203
2026,2,10,PKK,2C,Read,R203
2026,3,1,NHCA,2C,MATH,R203
2026,3,2,NHCA,2C,MATH,R203
2026,3,3,CHK,2C,ENG,R203
2026,3,4,CHK,2C,ENG,R203
2026,3,5,CTHA,2C,SCJ,CHEM
2026,3,6,CTHA,2C,SCJ,CHEM
2026,3,7,PKK,2C,CHIN,R203
2026,3,8,PKK,2C,ARD,R203
2026,3,9,KYM,2C,CPA,R203
2026,3,9,PKK,2C,CPA,R203
2026,3,9,WWH,2C,CPA,R203
2026,4,1,HCHA,2C,MUS,MUS
2026,4,1,YYS,2C,CATE,AC
2026,4,2,HCHA,2C,MUS,MUS
2026,4,2,YYS,2C,CATE,AC
2026,4,3,CTHA,2C,SCJ,CHEM
2026,4,4,CTHA,2C,SCJ,CHEM
2026,4,5,CHK,2C,ENG,R203
2026,4,6,CHK,2C,ENG,R203
2026,4,7,NHCA,2C,MATH,R203
2026,4,8,KCK,2C,CL,CR2
2026,4,8,KYM,2C,CL,CR1
2026,4,9,KCK,2C,CL,CR2
2026,4,9,KYM,2C,CL,CR1
2026,4,10,WWH,2C,Read,R203
2026,5,1,PKK,2C,CHIN,R203
2026,5,2,PKK,2C,CHIN,R203
2026,5,3,MKW,2C,BMVE,R203
2026,5,4,MKW,2C,BMVE,R203
2026,5,5,NHCA,2C,MATH,R203
2026,5,6,LTYA,2C,CES,R203
2026,5,7,LTYA,2C,CES,R203
2026,5,8,LHYB,2C,HIST,R203
2026,5,9,LHYB,2C,HIST,R203
2026,5,10,CHK,2C,ENG,R203
2026,1,1,FCQA,2D,ENG,R313
2026,1,2,FCQA,2D,ENG,R313
2026,1,3,TIS,2D,PE,PG2
2026,1,4,TIS,2D,PE,PG2
2026,1,5,LPHA,2D,MATH,R313
2026,1,6,TLW,2D,CHIN,R313
2026,1,7,TLW,2D,CHIN,R313
2026,1,8,FMKA,2D,SCJ,R313
2026,1,9,HCHA,2D,MUS,MUS
2026,1,9,YYS,2D,CATE,AC
2026,1,10,HCHA,2D,MUS,MUS
2026,1,10,YYS,2D,CATE,AC
2026,2,1,LPHA,2D,MATH,R313
2026,2,2,FCQA,2D,ENG,R313
2026,2,3,WSWA,2D,GEOG,R313
2026,2,4,WSWA,2D,GEOG,R313
2026,2,5,TLW,2D,CHIN,R313
2026,2,6,LHYB,2D,HIST,R313
2026,2,7,LHYB,2D,HIST,R313
2026,2,8,FMKA,2D,SCJ,CHEM
2026,2,9,FMKA,2D,SCJ,CHEM
2026,2,10,LHYB,2D,Read,R313
2026,3,1,FMKA,2D,SCJ,CHEM
2026,3,2,FMKA,2D,SCJ,CHEM
2026,3,3,LPHA,2D,MATH,R313
2026,3,4,TLW,2D,CHIN,R313
2026,3,5,FCQA,2D,ENG,R313
2026,3,6,MKW,2D,BMVE,R313
2026,3,7,MKW,2D,BMVE,R313
2026,3,8,NSK,2D,ARD,R313
2026,3,9,LHYB,2D,CPA,R313
2026,3,9,NSK,2D,CPA,R313
2026,4,1,TLW,2D,CHIN,R313
2026,4,2,TLW,2D,CHIN,R313
2026,4,3,FCQA,2D,ENG,R313
2026,4,4,FCQA,2D,ENG,R313
2026,4,5,LEW,2D,PTH,R313
2026,4,6,LPHA,2D,MATH,R313
2026,4,7,LPHA,2D,MATH,R313
2026,4,8,KCK,2D,CL,CR2
2026,4,8,LWKA,2D,CL,CR3
2026,4,9,KCK,2D,CL,CR2
2026,4,9,LWKA,2D,CL,CR3
2026,4,10,NSK,2D,Read,R313
2026,5,1,LTYA,2D,CES,R313
2026,5,2,LTYA,2D,CES,R313
2026,5,3,NSK,2D,VA,DF
2026,5,4,NSK,2D,VA,DF
2026,5,5,LYMA,2D,STEA,HTSC
2026,5,5,WWH,2D,STEA,KFIC
2026,5,6,LYMA,2D,STEA,HTSC
2026,5,6,WWH,2D,STEA,KFIC
2026,5,7,FCQA,2D,ENG,R313
2026,5,8,PKK,2D,CHIS,R313
2026,5,9,PKK,2D,CHIS,R313
2026,5,10,LPHA,2D,MATH,R313
2026,1,1,MKYA,3A,CHIN,R103
2026,1,2,FSC,3A,L&S,R103
2026,1,3,KLF,3A,BUSF,R103
2026,1,4,KLF,3A,BUSF,R103
2026,1,5,CSYA,3A,VA,DF
2026,1,6,CSYA,3A,VA,DF
2026,1,7,YBK,3A,MATH,R103
2026,1,8,CKA,3A,ENG,R103
2026,1,8,LCM,3A,ENG,ERC
2026,1,8,YTL,3A,ENG,R321
2026,1,9,LYMA,3A,STEA,HTSC
2026,1,9,WWH,3A,STEA,KFIC
2026,1,10,LYMA,3A,STEA,HTSC
2026,1,10,WWH,3A,STEA,KFIC
2026,2,1,LHP,3A,SCJ,PHY
2026,2,2,LHP,3A,SCJ,PHY
2026,2,3,CKA,3A,ENG,R103
2026,2,3,YTL,3A,ENG,R321
2026,2,4,CKA,3A,ENG,R103
2026,2,4,YTL,3A,ENG,R321
2026,2,5,FSC,3A,L&S,R103
2026,2,6,FSC,3A,L&S,R103
2026,2,7,CHM,3A,PTH,R103
2026,2,8,YBK,3A,MATH,R103
2026,2,9,MKYA,3A,CHIN,R103
2026,2,10,MKYA,3A,CHIN,R103
2026,3,1,CKA,3A,ENG,R103
2026,3,1,LCM,3A,ENG,ERC
2026,3,1,YTL,3A,ENG,R321
2026,3,2,MKYA,3A,CHIN,R103
2026,3,3,KLF,3A,BUSF,R103
2026,3,4,KLF,3A,BUSF,R103
2026,3,5,YBK,3A,MATH,R103
2026,3,6,YBK,3A,MATH,R103
2026,3,7,LHP,3A,SCJ,R103
2026,3,8,CSYA,3A,ARD,R103
2026,3,9,CSYA,3A,CPA,R103
2026,3,9,LHP,3A,CPA,R103
2026,3,9,LWKA,3A,CPA,R103
2026,4,1,LHP,3A,SCJ,PHY
2026,4,2,LHP,3A,SCJ,PHY
2026,4,3,TIS,3A,PE,PG1
2026,4,4,TIS,3A,PE,PG1
2026,4,5,CKA,3A,ENG,R103
2026,4,5,LCM,3A,ENG,ERC
2026,4,5,YTL,3A,ENG,R321
2026,4,6,CHLA,3A,CHIS,R103
2026,4,7,CHLA,3A,CHIS,R103
2026,4,8,YBK,3A,MATH,R103
2026,4,9,YBK,3A,MATH,R103
2026,4,10,HCHA,3A,MUS,MUS
2026,5,1,CKA,3A,ENG,R103
2026,5,1,YTL,3A,ENG,R321
2026,5,2,CKA,3A,ENG,R103
2026,5,2,YTL,3A,ENG,R321
2026,5,3,MKYA,3A,CHIN,R103
2026,5,4,MKYA,3A,CHIN,R103
2026,5,5,LHP,3A,SCJ,R103
2026,5,6,KYM,3A,CL,CR1
2026,5,6,LWKA,3A,CL,CR3
2026,5,7,KYM,3A,CL,CR1
2026,5,7,LWKA,3A,CL,CR3
2026,5,8,TKSA,3A,BMVE,R103
2026,5,9,TKSA,3A,BMVE,R103
2026,5,10,FSC,3A,L&S,R103
2026,1,1,LYF,3B,L&S,R312
2026,1,2,PCS,3B,CHIN,R312
2026,1,3,KCK,3B,CL,CR2
2026,1,3,LWKA,3B,CL,CR3
2026,1,4,KCK,3B,CL,CR2
2026,1,4,LWKA,3B,CL,CR3
2026,1,5,CPK,3B,BUSF,R312
2026,1,6,CPK,3B,BUSF,R312
2026,1,7,PWK,3B,MATH,R312
2026,1,8,LCM,3B,ENG,ERC
2026,1,8,LWK,3B,ENG,R312
2026,1,8,YTL,3B,ENG,R321
2026,1,9,CCH,3B,SCJ,PHY
2026,1,10,CCH,3B,SCJ,PHY
2026,2,1,CSYA,3B,VA,DF
2026,2,2,CSYA,3B,VA,DF
2026,2,3,LWK,3B,ENG,R312
2026,2,3,YTL,3B,ENG,R321
2026,2,4,LWK,3B,ENG,R312
2026,2,4,YTL,3B,ENG,R321
2026,2,5,PWK,3B,MATH,R312
2026,2,6,PWK,3B,MATH,R312
2026,2,7,LYF,3B,L&S,R312
2026,2,8,CCH,3B,SCJ,PHY
2026,2,9,CCH,3B,SCJ,PHY
2026,2,10,HCHA,3B,MUS,MUS
2026,3,1,LCM,3B,ENG,ERC
2026,3,1,LWK,3B,ENG,R312
2026,3,1,YTL,3B,ENG,R321
2026,3,2,CCH,3B,SCJ,R312
2026,3,3,PCS,3B,CHIN,R312
2026,3,4,PCS,3B,CHIN,R312
2026,3,5,LYF,3B,L&S,R312
2026,3,6,LYF,3B,L&S,R312
2026,3,7,PWK,3B,MATH,R312
2026,3,8,SSTA,3B,ARD,R312
2026,3,9,HCHA,3B,CPA,R312
2026,3,9,SSTA,3B,CPA,R312
2026,3,9,PWK,3B,CPA,R312
2026,4,1,CHLA,3B,CHIS,R312
2026,4,2,CHLA,3B,CHIS,R312
2026,4,3,TKSA,3B,BMVE,R312
2026,4,4,TKSA,3B,BMVE,R312
2026,4,5,LCM,3B,ENG,ERC
2026,4,5,LWK,3B,ENG,R312
2026,4,5,YTL,3B,ENG,R321
2026,4,6,SSTA,3B,PE,PG1
2026,4,7,SSTA,3B,PE,PG1
2026,4,8,PCS,3B,CHIN,R312
2026,4,9,PCS,3B,CHIN,R312
2026,4,10,CHM,3B,PTH,R312
2026,5,1,LWK,3B,ENG,R312
2026,5,1,YTL,3B,ENG,R321
2026,5,2,LWK,3B,ENG,R312
2026,5,2,YTL,3B,ENG,R321
2026,5,3,LYMA,3B,STEA,HTSC
2026,5,3,WWH,3B,STEA,KFIC
2026,5,4,LYMA,3B,STEA,HTSC
2026,5,4,WWH,3B,STEA,KFIC
2026,5,5,CCH,3B,SCJ,R312
2026,5,6,CPK,3B,BUSF,R312
2026,5,7,CPK,3B,BUSF,R312
2026,5,8,PWK,3B,MATH,R312
2026,5,9,PWK,3B,MATH,R312
2026,5,10,PCS,3B,CHIN,R312
2026,1,1,KCK,3C,CL,CR2
2026,1,1,LWKA,3C,CL,CR3
2026,1,2,KCK,3C,CL,CR2
2026,1,2,LWKA,3C,CL,CR3
2026,1,3,TKYA,3C,ENG,R303
2026,1,4,TKYA,3C,ENG,R303
2026,1,5,LKMB,3C,SCJ,R303
2026,1,6,LCW,3C,STEA,HTSC
2026,1,6,WWH,3C,STEA,KFIC
2026,1,7,LCW,3C,STEA,HTSC
2026,1,7,WWH,3C,STEA,KFIC
2026,1,8,TMHA,3C,BUSF,R303
2026,1,9,TMHA,3C,BUSF,R303
2026,1,10,LPHA,3C,MATH,R303
2026,2,1,CHM,3C,CHIN,R303
2026,2,2,CHM,3C,CHIN,R303
2026,2,3,CSYA,3C,VA,DF
2026,2,4,CSYA,3C,VA,DF
2026,2,5,NMY,3C,L&S,R303
2026,2,6,NMY,3C,L&S,R303
2026,2,7,LKMB,3C,SCJ,R303
2026,2,8,TKYA,3C,ENG,R303
2026,2,9,LPHA,3C,MATH,R303
2026,2,10,LPHA,3C,MATH,R303
2026,3,1,LKMB,3C,SCJ,PHY
2026,3,2,LKMB,3C,SCJ,PHY
2026,3,3,LCM,3C,ENG,R303
2026,3,3,TKYA,3C,ENG,R303
2026,3,4,CHM,3C,CHIN,R303
2026,3,5,LPHA,3C,MATH,R303
2026,3,6,CHLA,3C,CHIS,R303
2026,3,7,CHLA,3C,CHIS,R303
2026,3,8,LKMB,3C,ARD,R303
2026,3,9,LKMB,3C,CPA,R303
2026,3,9,TKYA,3C,CPA,R303
2026,4,1,CHM,3C,CHIN,R303
2026,4,2,CHM,3C,CHIN,R303
2026,4,3,TMHA,3C,BUSF,R303
2026,4,4,TMHA,3C,BUSF,R303
2026,4,5,LPHA,3C,MATH,R303
2026,4,6,LKYA,3C,PE,PG2
2026,4,7,LKYA,3C,PE,PG2
2026,4,8,TKYA,3C,ENG,R303
2026,4,9,TKYA,3C,ENG,R303
2026,4,10,NMY,3C,L&S,R303
2026,5,1,LKMB,3C,SCJ,PHY
2026,5,2,LKMB,3C,SCJ,PHY
2026,5,3,LPHA,3C,MATH,R303
2026,5,4,NMY,3C,L&S,R303
2026,5,5,MKW,3C,BMVE,R303
2026,5,6,MKW,3C,BMVE,R303
2026,5,7,CHM,3C,CHIN,R303
2026,5,8,TKYA,3C,ENG,R303
2026,5,9,CHM,3C,PTH,R303
2026,5,10,HCHA,3C,MUS,MUS
2026,1,1,KYM,3D,CL,CR1
2026,1,1,LWKA,3D,CL,CR3
2026,1,2,KYM,3D,CL,CR1
2026,1,2,LWKA,3D,CL,CR3
2026,1,3,YTL,3D,ENG,R302
2026,1,4,YTL,3D,ENG,R302
2026,1,5,LEW,3D,CHIN,R302
2026,1,6,LEW,3D,CHIN,R302
2026,1,7,NMY,3D,L&S,R302
2026,1,8,LYF,3D,BUSF,R302
2026,1,9,LYF,3D,BUSF,R302
2026,1,10,CSKA,3D,MATH,R302
2026,2,1,CSKA,3D,MATH,R302
2026,2,2,YTL,3D,ENG,R302
2026,2,3,LYF,3D,BUSF,R302
2026,2,4,LYF,3D,BUSF,R302
2026,2,5,LKMB,3D,SCJ,R302
2026,2,6,LEW,3D,CHIN,R302
2026,2,7,LEW,3D,CHIN,R302
2026,2,8,CHM,3D,PTH,R302
2026,2,9,LYMA,3D,STEA,HTSC
2026,2,9,WWH,3D,STEA,KFIC
2026,2,10,LYMA,3D,STEA,HTSC
2026,2,10,WWH,3D,STEA,KFIC
2026,3,1,CHLA,3D,CHIS,R302
2026,3,2,CHLA,3D,CHIS,R302
2026,3,3,CSKA,3D,MATH,R302
2026,3,4,LEW,3D,CHIN,R302
2026,3,5,YTL,3D,ENG,R302
2026,3,6,YTL,3D,ENG,R302
2026,3,7,LKMB,3D,SCJ,R302
2026,3,8,LEW,3D,ARD,R302
2026,3,9,LEW,3D,CPA,R302
2026,3,9,TKSA,3D,CPA,R302
2026,4,1,TKSA,3D,BMVE,R302
2026,4,2,TKSA,3D,BMVE,R302
2026,4,3,LKYA,3D,PE,PG2
2026,4,4,LKYA,3D,PE,PG2
2026,4,5,NMY,3D,L&S,R302
2026,4,6,NMY,3D,L&S,R302
2026,4,7,CSKA,3D,MATH,R302
2026,4,8,YTL,3D,ENG,R302
2026,4,9,LKMB,3D,SCJ,PHY
2026,4,10,LKMB,3D,SCJ,PHY
2026,5,1,CSKA,3D,MATH,R302
2026,5,2,CSKA,3D,MATH,R302
2026,5,3,LKMB,3D,SCJ,PHY
2026,5,4,LKMB,3D,SCJ,PHY
2026,5,5,CSYA,3D,VA,DF
2026,5,6,CSYA,3D,VA,DF
2026,5,7,LEW,3D,CHIN,R302
2026,5,8,YTL,3D,ENG,R302
2026,5,9,HCHA,3D,MUS,MUS
2026,5,10,NMY,3D,L&S,R302
2026,1,1,FMKA,4A,PHY,PHY
2026,1,1,KKH,4A,BIO,BIO
2026,1,2,FMKA,4A,PHY,PHY
2026,1,2,KKH,4A,BIO,BIO
2026,1,3,CSK,4A,MAM2,R414
2026,1,3,KYM,4A,ICT,CR1
2026,1,3,LKMB,4A,BIO3,R403
2026,1,3,LML,4A,ERS3,R413
2026,1,3,LYK,4A,VAD3,AD
2026,1,3,SSTA,4A,THS3,R401
2026,1,4,CSK,4A,MAM2,R414
2026,1,4,KYM,4A,ICT,CR1
2026,1,4,LKMB,4A,BIO3,R403
2026,1,4,LML,4A,ERS3,R413
2026,1,4,LYK,4A,VAD3,AD
2026,1,4,SSTA,4A,THS3,R401
2026,1,5,CHLA,4A,CS,R414
2026,1,6,CHLA,4A,CS,R414
2026,1,7,CSK,4A,MACO,R414
2026,1,7,CSKA,4A,MACO,R422
2026,1,8,CPK,4A,ECON,R413
2026,1,8,CSYA,4A,VAD,AD
2026,1,8,CWL,4A,CHIS,R104
2026,1,8,LCW,4A,CHEM,CHEM
2026,1,8,TKSA,4A,HMSC,R414
2026,1,9,CPK,4A,ECON,R413
2026,1,9,CSYA,4A,VAD,AD
2026,1,9,CWL,4A,CHIS,R104
2026,1,9,LCW,4A,CHEM,CHEM
2026,1,9,TKSA,4A,HMSC,R414
2026,1,10,CMTA,4A,ENG,R422
2026,1,10,CSCA,4A,ENG,R414
2026,2,1,CSK,4A,MAM2,R414
2026,2,1,KYM,4A,ICT,CR1
2026,2,1,LKMB,4A,BIO3,BIO
2026,2,1,LML,4A,ERS3,R413
2026,2,1,LYK,4A,VAD3,AD
2026,2,1,SSTA,4A,THS3,R401
2026,2,2,CSK,4A,MAM2,R414
2026,2,2,KYM,4A,ICT,CR1
2026,2,2,LKMB,4A,BIO3,BIO
2026,2,2,LML,4A,ERS3,R413
2026,2,2,LYK,4A,VAD3,AD
2026,2,2,SSTA,4A,THS3,R401
2026,2,3,CMTA,4A,ENG,R422
2026,2,3,CSCA,4A,ENG,R414
2026,2,3,LCM,4A,ENG,ERC
2026,2,4,CMTA,4A,ENG,R422
2026,2,4,CSCA,4A,ENG,R414
2026,2,4,LCM,4A,ENG,ERC
2026,2,5,CSK,4A,MACO,R414
2026,2,5,CSKA,4A,MACO,R422
2026,2,6,CSK,4A,MACO,R414
2026,2,6,CSKA,4A,MACO,R422
2026,2,7,CSW,4A,CHIN,R414
2026,2,7,PKK,4A,CHIN,R422
2026,2,8,CSYA,4A,IAE,R414
2026,2,8,TKSA,4A,BMVE,R414
2026,2,9,CSYA,4A,IAE,R414
2026,2,9,TKSA,4A,BMVE,R414
2026,2,10,CSCA,4A,Read,R414
2026,3,1,CSW,4A,CHIN,R414
2026,3,1,PKK,4A,CHIN,R422
2026,3,2,CSW,4A,CHIN,R414
2026,3,2,PKK,4A,CHIN,R422
2026,3,3,CMTA,4A,ENG,R422
2026,3,3,CSCA,4A,ENG,R414
2026,3,4,CMTA,4A,ENG,R422
2026,3,4,CSCA,4A,ENG,R414
2026,3,5,FMKA,4A,PHY,PHY
2026,3,5,KKH,4A,BIO,R414
2026,3,6,FMKA,4A,PHY,PHY
2026,3,6,KKH,4A,BIO,R414
2026,3,7,CSK,4A,MACO,R414
2026,3,7,CSKA,4A,MACO,R422
2026,3,8,CSCA,4A,ARD,R414
2026,3,9,CSCA,4A,CPA,R414
2026,3,9,FMKA,4A,CPA,R414
2026,4,1,CMTA,4A,ENG,R422
2026,4,1,CSCA,4A,ENG,R414
2026,4,2,CMTA,4A,ENG,R422
2026,4,2,CSCA,4A,ENG,R414
2026,4,3,CSW,4A,CHIN,R414
2026,4,3,PKK,4A,CHIN,R422
2026,4,4,CSW,4A,CHIN,R414
2026,4,4,PKK,4A,CHIN,R422
2026,4,5,CHLA,4A,CS,R414
2026,4,6,CPK,4A,ECON,R413
2026,4,6,CSYA,4A,VAD,AD
2026,4,6,CWL,4A,CHIS,R104
2026,4,6,LCW,4A,CHEM,CHEM
2026,4,6,TKSA,4A,HMSC,R414
2026,4,7,CPK,4A,ECON,R413
2026,4,7,CSYA,4A,VAD,AD
2026,4,7,CWL,4A,CHIS,R104
2026,4,7,LCW,4A,CHEM,CHEM
2026,4,7,TKSA,4A,HMSC,R414
2026,4,8,CSK,4A,MACO,R414
2026,4,8,CSKA,4A,MACO,R422
2026,4,9,CSK,4A,MACO,R414
2026,4,9,CSKA,4A,MACO,R422
2026,4,10,FMKA,4A,Read,R414
2026,5,1,SSTA,4A,PE,PG1
2026,5,2,SSTA,4A,PE,PG1
2026,5,3,CPK,4A,ECON,R413
2026,5,3,CSYA,4A,VAD,AD
2026,5,3,CWL,4A,CHIS,R104
2026,5,3,LCW,4A,CHEM,CHEM
2026,5,3,TKSA,4A,HMSC,R414
2026,5,4,CPK,4A,ECON,R413
2026,5,4,CSYA,4A,VAD,AD
2026,5,4,CWL,4A,CHIS,R104
2026,5,4,LCW,4A,CHEM,CHEM
2026,5,4,TKSA,4A,HMSC,R414
2026,5,5,CMTA,4A,ENG,R422
2026,5,5,CSCA,4A,ENG,R414
2026,5,5,LCM,4A,ENG,ERC
2026,5,6,FMKA,4A,PHY,PHY
2026,5,6,KKH,4A,BIO,BIO
2026,5,7,FMKA,4A,PHY,PHY
2026,5,7,KKH,4A,BIO,BIO
2026,5,8,CSK,4A,MAM2,R414
2026,5,8,KYM,4A,ICT,CR1
2026,5,8,LKMB,4A,BIO3,BIO
2026,5,8,LML,4A,ERS3,R413
2026,5,8,LYK,4A,VAD3,AD
2026,5,8,SSTA,4A,THS3,R401
2026,5,9,CSK,4A,MAM2,R414
2026,5,9,KYM,4A,ICT,CR1
2026,5,9,LKMB,4A,BIO3,BIO
2026,5,9,LML,4A,ERS3,R413
2026,5,9,LYK,4A,VAD3,AD
2026,5,9,SSTA,4A,THS3,R401
2026,5,10,CSW,4A,CHIN,R414
2026,5,10,PKK,4A,CHIN,R422
2026,1,1,LTYA,4B,CS,R413
2026,1,2,LTYA,4B,CS,R413
2026,1,3,CSK,4B,MAM2,R414
2026,1,3,KYM,4B,ICT,CR1
2026,1,3,LKMB,4B,BIO3,R403
2026,1,3,LML,4B,ERS3,R413
2026,1,3,LYK,4B,VAD3,AD
2026,1,3,SSTA,4B,THS3,R401
2026,1,4,CSK,4B,MAM2,R414
2026,1,4,KYM,4B,ICT,CR1
2026,1,4,LKMB,4B,BIO3,R403
2026,1,4,LML,4B,ERS3,R413
2026,1,4,LYK,4B,VAD3,AD
2026,1,4,SSTA,4B,THS3,R401
2026,1,5,KLF,4B,Acc,R413
2026,1,5,TMHA,4B,BM,R422
2026,1,6,KLF,4B,Acc,R413
2026,1,6,TMHA,4B,BM,R422
2026,1,7,CSKA,4B,MACO,R422
2026,1,7,MHN,4B,MACO,R413
2026,1,8,CPK,4B,ECON,R413
2026,1,8,CSYA,4B,VAD,AD
2026,1,8,CWL,4B,CHIS,R104
2026,1,8,LCW,4B,CHEM,CHEM
2026,1,8,TKSA,4B,HMSC,R414
2026,1,9,CPK,4B,ECON,R413
2026,1,9,CSYA,4B,VAD,AD
2026,1,9,CWL,4B,CHIS,R104
2026,1,9,LCW,4B,CHEM,CHEM
2026,1,9,TKSA,4B,HMSC,R414
2026,1,10,CMTA,4B,ENG,R422
2026,1,10,FCQA,4B,ENG,R413
2026,2,1,CSK,4B,MAM2,R414
2026,2,1,KYM,4B,ICT,CR1
2026,2,1,LKMB,4B,BIO3,BIO
2026,2,1,LML,4B,ERS3,R413
2026,2,1,LYK,4B,VAD3,AD
2026,2,1,SSTA,4B,THS3,R401
2026,2,2,CSK,4B,MAM2,R414
2026,2,2,KYM,4B,ICT,CR1
2026,2,2,LKMB,4B,BIO3,BIO
2026,2,2,LML,4B,ERS3,R413
2026,2,2,LYK,4B,VAD3,AD
2026,2,2,SSTA,4B,THS3,R401
2026,2,3,CMTA,4B,ENG,R422
2026,2,3,FCQA,4B,ENG,R413
2026,2,3,LCM,4B,ENG,ERC
2026,2,4,CMTA,4B,ENG,R422
2026,2,4,FCQA,4B,ENG,R413
2026,2,4,LCM,4B,ENG,ERC
2026,2,5,CSKA,4B,MACO,R422
2026,2,5,MHN,4B,MACO,R413
2026,2,6,CSKA,4B,MACO,R422
2026,2,6,MHN,4B,MACO,R413
2026,2,7,NKK,4B,CHIN,R413
2026,2,7,PKK,4B,CHIN,R422
2026,2,8,KLF,4B,Acc,R413
2026,2,8,TMHA,4B,BM,R422
2026,2,9,KLF,4B,Acc,R413
2026,2,9,TMHA,4B,BM,R422
2026,2,10,FCQA,4B,Read,R413
2026,3,1,NKK,4B,CHIN,R413
2026,3,1,PKK,4B,CHIN,R422
2026,3,2,NKK,4B,CHIN,R413
2026,3,2,PKK,4B,CHIN,R422
2026,3,3,CMTA,4B,ENG,R422
2026,3,3,FCQA,4B,ENG,R413
2026,3,4,CMTA,4B,ENG,R422
2026,3,4,FCQA,4B,ENG,R413
2026,3,5,CSYA,4B,IAE,R413
2026,3,5,TKSA,4B,BMVE,R413
2026,3,6,CSYA,4B,IAE,R413
2026,3,6,TKSA,4B,BMVE,R413
2026,3,7,CSKA,4B,MACO,R422
2026,3,7,MHN,4B,MACO,R413
2026,3,8,KLF,4B,ARD,R413
2026,3,9,FCQA,4B,CPA,R413
2026,3,9,KLF,4B,CPA,R413
2026,4,1,CMTA,4B,ENG,R422
2026,4,1,FCQA,4B,ENG,R413
2026,4,2,CMTA,4B,ENG,R422
2026,4,2,FCQA,4B,ENG,R413
2026,4,3,NKK,4B,CHIN,R413
2026,4,3,PKK,4B,CHIN,R422
2026,4,4,NKK,4B,CHIN,R413
2026,4,4,PKK,4B,CHIN,R422
2026,4,5,LTYA,4B,CS,R413
2026,4,6,CPK,4B,ECON,R413
2026,4,6,CSYA,4B,VAD,AD
2026,4,6,CWL,4B,CHIS,R104
2026,4,6,LCW,4B,CHEM,CHEM
2026,4,6,TKSA,4B,HMSC,R414
2026,4,7,CPK,4B,ECON,R413
2026,4,7,CSYA,4B,VAD,AD
2026,4,7,CWL,4B,CHIS,R104
2026,4,7,LCW,4B,CHEM,CHEM
2026,4,7,TKSA,4B,HMSC,R414
2026,4,8,CSKA,4B,MACO,R422
2026,4,8,MHN,4B,MACO,R413
2026,4,9,CSKA,4B,MACO,R422
2026,4,9,MHN,4B,MACO,R413
2026,4,10,KLF,4B,Read,R413
2026,5,1,KLF,4B,Acc,R413
2026,5,1,TMHA,4B,BM,R422
2026,5,2,KLF,4B,Acc,R413
2026,5,2,TMHA,4B,BM,R422
2026,5,3,CPK,4B,ECON,R413
2026,5,3,CSYA,4B,VAD,AD
2026,5,3,CWL,4B,CHIS,R104
2026,5,3,LCW,4B,CHEM,CHEM
2026,5,3,TKSA,4B,HMSC,R414
2026,5,4,CPK,4B,ECON,R413
2026,5,4,CSYA,4B,VAD,AD
2026,5,4,CWL,4B,CHIS,R104
2026,5,4,LCW,4B,CHEM,CHEM
2026,5,4,TKSA,4B,HMSC,R414
2026,5,5,CMTA,4B,ENG,R422
2026,5,5,FCQA,4B,ENG,R413
2026,5,5,LCM,4B,ENG,ERC
2026,5,6,TIS,4B,PE,PG1
2026,5,7,TIS,4B,PE,PG1
2026,5,8,CSK,4B,MAM2,R414
2026,5,8,KYM,4B,ICT,CR1
2026,5,8,LKMB,4B,BIO3,BIO
2026,5,8,LML,4B,ERS3,R413
2026,5,8,LYK,4B,VAD3,AD
2026,5,8,SSTA,4B,THS3,R401
2026,5,9,CSK,4B,MAM2,R414
2026,5,9,KYM,4B,ICT,CR1
2026,5,9,LKMB,4B,BIO3,BIO
2026,5,9,LML,4B,ERS3,R413
2026,5,9,LYK,4B,VAD3,AD
2026,5,9,SSTA,4B,THS3,R401
2026,5,10,NKK,4B,CHIN,R413
2026,5,10,PKK,4B,CHIN,R422
2026,1,1,TSM,4C,ENG,R104
2026,1,2,TSM,4C,ENG,R104
2026,1,3,CSK,4C,MAM2,R414
2026,1,3,KYM,4C,ICT,CR1
2026,1,3,LKMB,4C,BIO3,R403
2026,1,3,LYK,4C,VAD3,AD
2026,1,3,SSTA,4C,THS3,R401
2026,1,4,CSK,4C,MAM2,R414
2026,1,4,KYM,4C,ICT,CR1
2026,1,4,LKMB,4C,BIO3,R403
2026,1,4,LYK,4C,VAD3,AD
2026,1,4,SSTA,4C,THS3,R401
2026,1,5,NHCA,4C,MACO,R104
2026,1,6,NHCA,4C,MACO,R104
2026,1,7,LTW,4C,CHIN,R104
2026,1,8,CPK,4C,ECON,R413
2026,1,8,CSYA,4C,VAD,AD
2026,1,8,CWL,4C,CHIS,R104
2026,1,8,LCW,4C,CHEM,CHEM
2026,1,8,TKSA,4C,HMSC,R414
2026,1,9,CPK,4C,ECON,R413
2026,1,9,CSYA,4C,VAD,AD
2026,1,9,CWL,4C,CHIS,R104
2026,1,9,LCW,4C,CHEM,CHEM
2026,1,9,TKSA,4C,HMSC,R414
2026,1,10,LCM,4C,ENG,ERC
2026,1,10,TSM,4C,ENG,ERC
2026,2,1,CSK,4C,MAM2,R414
2026,2,1,KYM,4C,ICT,CR1
2026,2,1,LKMB,4C,BIO3,BIO
2026,2,1,LYK,4C,VAD3,AD
2026,2,1,SSTA,4C,THS3,R401
2026,2,2,CSK,4C,MAM2,R414
2026,2,2,KYM,4C,ICT,CR1
2026,2,2,LKMB,4C,BIO3,BIO
2026,2,2,LYK,4C,VAD3,AD
2026,2,2,SSTA,4C,THS3,R401
2026,2,3,LML,4C,ERS,R104
2026,2,4,LML,4C,ERS,R104
2026,2,5,LTW,4C,CHIN,R104
2026,2,6,TSM,4C,ENG,R104
2026,2,7,TSM,4C,ENG,R104
2026,2,8,NHCA,4C,MACO,R104
2026,2,9,NHCA,4C,MACO,R104
2026,2,10,LTW,4C,Read,R104
2026,3,1,LYMA,4C,IAE,R104
2026,3,1,TKSA,4C,BMVE,R104
2026,3,2,LYMA,4C,IAE,R104
2026,3,2,TKSA,4C,BMVE,R104
2026,3,3,LTW,4C,CHIN,R104
2026,3,4,LTW,4C,CHIN,R104
2026,3,5,FSC,4C,CS,R104
2026,3,6,FSC,4C,CS,R104
2026,3,7,NHCA,4C,MACO,R104
2026,3,8,LML,4C,ARD,R104
2026,3,9,LML,4C,CPA,R104
2026,3,9,LTW,4C,CPA,R104
2026,4,1,LML,4C,ERS,R104
2026,4,2,LML,4C,ERS,R104
2026,4,3,TSM,4C,ENG,R104
2026,4,4,TSM,4C,ENG,R104
2026,4,5,FSC,4C,CS,R104
2026,4,6,CPK,4C,ECON,R413
2026,4,6,CSYA,4C,VAD,AD
2026,4,6,CWL,4C,CHIS,R104
2026,4,6,LCW,4C,CHEM,CHEM
2026,4,6,TKSA,4C,HMSC,R414
2026,4,7,CPK,4C,ECON,R413
2026,4,7,CSYA,4C,VAD,AD
2026,4,7,CWL,4C,CHIS,R104
2026,4,7,LCW,4C,CHEM,CHEM
2026,4,7,TKSA,4C,HMSC,R414
2026,4,8,LTW,4C,CHIN,R104
2026,4,9,LTW,4C,CHIN,R104
2026,4,10,LTW,4C,Read,R104
2026,5,1,TIS,4C,PE,PG2
2026,5,2,TIS,4C,PE,PG2
2026,5,3,CPK,4C,ECON,R413
2026,5,3,CSYA,4C,VAD,AD
2026,5,3,CWL,4C,CHIS,R104
2026,5,3,LCW,4C,CHEM,CHEM
2026,5,3,TKSA,4C,HMSC,R414
2026,5,4,CPK,4C,ECON,R413
2026,5,4,CSYA,4C,VAD,AD
2026,5,4,CWL,4C,CHIS,R104
2026,5,4,LCW,4C,CHEM,CHEM
2026,5,4,TKSA,4C,HMSC,R414
2026,5,5,LML,4C,ERS,R104
2026,5,6,LML,4C,ERS,R104
2026,5,7,TSM,4C,ENG,R104
2026,5,8,CSK,4C,MAM2,R414
2026,5,8,KYM,4C,ICT,CR1
2026,5,8,LKMB,4C,BIO3,BIO
2026,5,8,LYK,4C,VAD3,AD
2026,5,8,SSTA,4C,THS3,R401
2026,5,9,CSK,4C,MAM2,R414
2026,5,9,KYM,4C,ICT,CR1
2026,5,9,LKMB,4C,BIO3,BIO
2026,5,9,LYK,4C,VAD3,AD
2026,5,9,SSTA,4C,THS3,R401
2026,5,10,NHCA,4C,MACO,R104
2026,1,1,LCF,4D,ENG,R401
2026,1,2,LCF,4D,ENG,R401
2026,1,3,CSK,4D,MAM2,R414
2026,1,3,KYM,4D,ICT,CR1
2026,1,3,LKMB,4D,BIO3,R403
2026,1,3,LML,4D,ERS3,R413
2026,1,3,LYK,4D,VAD3,AD
2026,1,3,SSTA,4D,THS3,R401
2026,1,4,CSK,4D,MAM2,R414
2026,1,4,KYM,4D,ICT,CR1
2026,1,4,LKMB,4D,BIO3,R403
2026,1,4,LML,4D,ERS3,R413
2026,1,4,LYK,4D,VAD3,AD
2026,1,4,SSTA,4D,THS3,R401
2026,1,5,HCHA,4D,IAE,R401
2026,1,5,TKSA,4D,BMVE,R401
2026,1,6,HCHA,4D,IAE,R401
2026,1,6,TKSA,4D,BMVE,R401
2026,1,7,LCF,4D,ENG,R401
2026,1,8,LPHA,4D,MACO,R401
2026,1,9,LPHA,4D,MACO,R401
2026,1,10,LYF,4D,DL,R401
2026,2,1,CSK,4D,MAM2,R414
2026,2,1,KYM,4D,ICT,CR1
2026,2,1,LKMB,4D,BIO3,BIO
2026,2,1,LML,4D,ERS3,R413
2026,2,1,LYK,4D,VAD3,AD
2026,2,1,SSTA,4D,THS3,R401
2026,2,2,CSK,4D,MAM2,R414
2026,2,2,KYM,4D,ICT,CR1
2026,2,2,LKMB,4D,BIO3,BIO
2026,2,2,LML,4D,ERS3,R413
2026,2,2,LYK,4D,VAD3,AD
2026,2,2,SSTA,4D,THS3,R401
2026,2,3,LWY,4D,CHIN,R401
2026,2,4,LWY,4D,CHIN,R401
2026,2,5,LYF,4D,CS,R401
2026,2,6,LYF,4D,CS,R401
2026,2,7,LPHA,4D,MACO,R401
2026,2,8,LCF,4D,ENG,R401
2026,2,9,LCF,4D,ENG,R401
2026,2,10,LYK,4D,Read,R401
2026,3,1,LWY,4D,CHIN,R401
2026,3,2,LYF,4D,CS,R401
2026,3,3,LCF,4D,DL,R401
2026,3,4,LCF,4D,DL,R401
2026,3,5,LCF,4D,ENG,R401
2026,3,6,LCF,4D,ENG,R401
2026,3,7,LPHA,4D,MACO,R401
2026,3,8,LYK,4D,ARD,R401
2026,3,9,LPHA,4D,CPA,R401
2026,3,9,LYK,4D,CPA,R401
2026,4,1,LYF,4D,HO,R401
2026,4,2,LYF,4D,HO,R401
2026,4,3,LYF,4D,HO,
2026,4,4,LYF,4D,HO,
2026,4,5,LYF,4D,APL,
2026,4,6,LYF,4D,APL,
2026,4,7,LYF,4D,APL,
2026,4,8,LYF,4D,DL,R401
2026,4,9,LWY,4D,CHIN,R401
2026,4,10,LPHA,4D,Read,R401
2026,5,1,LPHA,4D,MACO,R401
2026,5,2,LPHA,4D,MACO,R401
2026,5,3,LWY,4D,CHIN,R401
2026,5,4,LWY,4D,CHIN,R401
2026,5,5,LCF,4D,DL,R401
2026,5,6,SSTA,4D,PE,PG2
2026,5,7,SSTA,4D,PE,PG2
2026,5,8,CSK,4D,MAM2,R414
2026,5,8,KYM,4D,ICT,CR1
2026,5,8,LKMB,4D,BIO3,BIO
2026,5,8,LML,4D,ERS3,R413
2026,5,8,LYK,4D,VAD3,AD
2026,5,8,SSTA,4D,THS3,R401
2026,5,9,CSK,4D,MAM2,R414
2026,5,9,KYM,4D,ICT,CR1
2026,5,9,LKMB,4D,BIO3,BIO
2026,5,9,LML,4D,ERS3,R413
2026,5,9,LYK,4D,VAD3,AD
2026,5,9,SSTA,4D,THS3,R401
2026,5,10,LCF,4D,ENG,R401
2026,1,1,CCH,5A,CHEM,CHEM
2026,1,1,CHLA,5A,CHIS,R411
2026,1,1,LYK,5A,VAD,AD
2026,1,1,TKSA,5A,HMSC,R403
2026,1,1,TMHA,5A,ECON,R404
2026,1,2,CCH,5A,CHEM,CHEM
2026,1,2,CHLA,5A,CHIS,R411
2026,1,2,LYK,5A,VAD,AD
2026,1,2,TKSA,5A,HMSC,R403
2026,1,2,TMHA,5A,ECON,R404
2026,1,3,FMKA,5A,PHY,PHY
2026,1,3,KKH,5A,BIO,BIO
2026,1,4,FMKA,5A,PHY,PHY
2026,1,4,KKH,5A,BIO,BIO
2026,1,5,CKA,5A,ENG,R403
2026,1,5,LCM,5A,ENG,ERC
2026,1,5,WKY,5A,ENG,R404
2026,1,6,CHM,5A,CHIN,R421
2026,1,6,CSW,5A,CHIN,R403
2026,1,7,CHM,5A,CHIN,R421
2026,1,7,CSW,5A,CHIN,R403
2026,1,8,CSKA,5A,MACO,R403
2026,1,8,YBK,5A,MACO,R421
2026,1,9,CSK,5A,MAM2,R403
2026,1,9,LHP,5A,BIO3,R421
2026,1,9,LML,5A,ERS3,R404
2026,1,9,LWKA,5A,ICT,CR3
2026,1,9,NSK,5A,VAD3,DF
2026,1,9,TLW,5A,THS3,R411
2026,1,10,CSK,5A,MAM2,R403
2026,1,10,LHP,5A,BIO3,R421
2026,1,10,LML,5A,ERS3,R404
2026,1,10,LWKA,5A,ICT,CR3
2026,1,10,NSK,5A,VAD3,DF
2026,1,10,TLW,5A,THS3,R411
2026,2,1,LKYA,5A,PE,PG1
2026,2,2,LKYA,5A,PE,PG1
2026,2,3,FMKA,5A,PHY,PHY
2026,2,3,KKH,5A,BIO,R403
2026,2,4,FMKA,5A,PHY,PHY
2026,2,4,KKH,5A,BIO,R403
2026,2,5,CCH,5A,CHEM,CHEM
2026,2,5,CHLA,5A,CHIS,R411
2026,2,5,LYK,5A,VAD,AD
2026,2,5,TKSA,5A,HMSC,R403
2026,2,5,TMHA,5A,ECON,R404
2026,2,6,CCH,5A,CHEM,CHEM
2026,2,6,CHLA,5A,CHIS,R411
2026,2,6,LYK,5A,VAD,AD
2026,2,6,TKSA,5A,HMSC,R403
2026,2,6,TMHA,5A,ECON,R404
2026,2,7,CSKA,5A,MACO,R403
2026,2,7,YBK,5A,MACO,R421
2026,2,8,CKA,5A,ENG,R403
2026,2,8,WKY,5A,ENG,R404
2026,2,9,CKA,5A,ENG,R403
2026,2,9,WKY,5A,ENG,R404
2026,2,10,LCM,5A,Read,R403
2026,3,1,CSK,5A,MAM2,R403
2026,3,1,LHP,5A,BIO3,BIO
2026,3,1,LML,5A,ERS3,R404
2026,3,1,LWKA,5A,ICT,CR3
2026,3,1,NSK,5A,VAD3,DF
2026,3,1,TLW,5A,THS3,R411
2026,3,2,CSK,5A,MAM2,R403
2026,3,2,LHP,5A,BIO3,BIO
2026,3,2,LML,5A,ERS3,R404
2026,3,2,LWKA,5A,ICT,CR3
2026,3,2,NSK,5A,VAD3,DF
2026,3,2,TLW,5A,THS3,R411
2026,3,3,CKA,5A,ENG,R403
2026,3,3,WKY,5A,ENG,R404
2026,3,3,TSM,5A,ENG,R421
2026,3,4,CKA,5A,ENG,R403
2026,3,4,WKY,5A,ENG,R404
2026,3,4,TSM,5A,ENG,R421
2026,3,5,HCHA,5A,IAE,R403
2026,3,5,NMY,5A,BMVE,R403
2026,3,6,HCHA,5A,IAE,R403
2026,3,6,NMY,5A,BMVE,R403
2026,3,7,CHM,5A,CHIN,R421
2026,3,7,CSW,5A,CHIN,R403
2026,3,8,CSKA,5A,ARD,R403
2026,3,9,CKA,5A,CPA,R403
2026,3,9,CSKA,5A,CPA,R403
2026,4,1,CSKA,5A,MACO,R403
2026,4,1,YBK,5A,MACO,R421
2026,4,2,CSKA,5A,MACO,R403
2026,4,2,YBK,5A,MACO,R421
2026,4,3,FMKA,5A,PHY,PHY
2026,4,3,KKH,5A,BIO,BIO
2026,4,4,FMKA,5A,PHY,PHY
2026,4,4,KKH,5A,BIO,BIO
2026,4,5,CHM,5A,CHIN,R421
2026,4,5,CSW,5A,CHIN,R403
2026,4,6,CHM,5A,CHIN,R421
2026,4,6,CSW,5A,CHIN,R403
2026,4,7,LHYB,5A,CS,R403
2026,4,8,CKA,5A,ENG,R403
2026,4,8,LCM,5A,ENG,ERC
2026,4,8,WKY,5A,ENG,R404
2026,4,9,CKA,5A,ENG,R403
2026,4,9,LCM,5A,ENG,ERC
2026,4,9,WKY,5A,ENG,R404
2026,4,10,CKA,5A,Read,R403
2026,5,1,CSK,5A,MAM2,R403
2026,5,1,LHP,5A,BIO3,BIO
2026,5,1,LML,5A,ERS3,R404
2026,5,1,LWKA,5A,ICT,CR3
2026,5,1,NSK,5A,VAD3,DF
2026,5,1,TLW,5A,THS3,R411
2026,5,2,CSK,5A,MAM2,R403
2026,5,2,LHP,5A,BIO3,BIO
2026,5,2,LML,5A,ERS3,R404
2026,5,2,LWKA,5A,ICT,CR3
2026,5,2,NSK,5A,VAD3,DF
2026,5,2,TLW,5A,THS3,R411
2026,5,3,LHYB,5A,CS,R403
2026,5,4,LHYB,5A,CS,R403
2026,5,5,CHM,5A,CHIN,R421
2026,5,5,CSW,5A,CHIN,R403
2026,5,6,CCH,5A,CHEM,CHEM
2026,5,6,CHLA,5A,CHIS,R411
2026,5,6,LYK,5A,VAD,AD
2026,5,6,TKSA,5A,HMSC,R403
2026,5,6,TMHA,5A,ECON,R404
2026,5,7,CCH,5A,CHEM,CHEM
2026,5,7,CHLA,5A,CHIS,R411
2026,5,7,LYK,5A,VAD,AD
2026,5,7,TKSA,5A,HMSC,R403
2026,5,7,TMHA,5A,ECON,R404
2026,5,8,CSKA,5A,MACO,R403
2026,5,8,YBK,5A,MACO,R421
2026,5,9,CSKA,5A,MACO,R403
2026,5,9,YBK,5A,MACO,R421
2026,5,10,CKA,5A,ENG,R403
2026,5,10,WKY,5A,ENG,R404
2026,1,1,CCH,5B,CHEM,CHEM
2026,1,1,CHLA,5B,CHIS,R411
2026,1,1,LYK,5B,VAD,AD
2026,1,1,TKSA,5B,HMSC,R403
2026,1,1,TMHA,5B,ECON,R404
2026,1,2,CCH,5B,CHEM,CHEM
2026,1,2,CHLA,5B,CHIS,R411
2026,1,2,LYK,5B,VAD,AD
2026,1,2,TKSA,5B,HMSC,R403
2026,1,2,TMHA,5B,ECON,R404
2026,1,3,LYMA,5B,IAE,R404
2026,1,3,NMY,5B,BMVE,R404
2026,1,4,LYMA,5B,IAE,R404
2026,1,4,NMY,5B,BMVE,R404
2026,1,5,CKA,5B,ENG,R403
2026,1,5,LCM,5B,ENG,ERC
2026,1,5,TSM,5B,ENG,R421
2026,1,6,CHM,5B,CHIN,R421
2026,1,6,PCS,5B,CHIN,R404
2026,1,7,CHM,5B,CHIN,R421
2026,1,7,PCS,5B,CHIN,R404
2026,1,8,NHCA,5B,MACO,R404
2026,1,8,YBK,5B,MACO,R421
2026,1,9,CSK,5B,MAM2,R403
2026,1,9,LHP,5B,BIO3,R421
2026,1,9,LML,5B,ERS3,R404
2026,1,9,LWKA,5B,ICT,CR3
2026,1,9,NSK,5B,VAD3,DF
2026,1,9,TLW,5B,THS3,R411
2026,1,10,CSK,5B,MAM2,R403
2026,1,10,LHP,5B,BIO3,R421
2026,1,10,LML,5B,ERS3,R404
2026,1,10,LWKA,5B,ICT,CR3
2026,1,10,NSK,5B,VAD3,DF
2026,1,10,TLW,5B,THS3,R411
2026,2,1,CPK,5B,BM,R421
2026,2,1,KLF,5B,Acc,R404
2026,2,2,CPK,5B,BM,R421
2026,2,2,KLF,5B,Acc,R404
2026,2,3,TIS,5B,PE,PG1
2026,2,4,TIS,5B,PE,PG1
2026,2,5,CCH,5B,CHEM,CHEM
2026,2,5,CHLA,5B,CHIS,R411
2026,2,5,LYK,5B,VAD,AD
2026,2,5,TKSA,5B,HMSC,R403
2026,2,5,TMHA,5B,ECON,R404
2026,2,6,CCH,5B,CHEM,CHEM
2026,2,6,CHLA,5B,CHIS,R411
2026,2,6,LYK,5B,VAD,AD
2026,2,6,TKSA,5B,HMSC,R403
2026,2,6,TMHA,5B,ECON,R404
2026,2,7,NHCA,5B,MACO,R404
2026,2,7,YBK,5B,MACO,R421
2026,2,8,CKA,5B,ENG,R403
2026,2,8,TSM,5B,ENG,R421
2026,2,9,CKA,5B,ENG,R403
2026,2,9,TSM,5B,ENG,R421
2026,2,10,CPK,5B,Read,R404
2026,3,1,CSK,5B,MAM2,R403
2026,3,1,LHP,5B,BIO3,BIO
2026,3,1,LML,5B,ERS3,R404
2026,3,1,LWKA,5B,ICT,CR3
2026,3,1,NSK,5B,VAD3,DF
2026,3,1,TLW,5B,THS3,R411
2026,3,2,CSK,5B,MAM2,R403
2026,3,2,LHP,5B,BIO3,BIO
2026,3,2,LML,5B,ERS3,R404
2026,3,2,LWKA,5B,ICT,CR3
2026,3,2,NSK,5B,VAD3,DF
2026,3,2,TLW,5B,THS3,R411
2026,3,3,CKA,5B,ENG,R403
2026,3,3,TSM,5B,ENG,R421
2026,3,4,CKA,5B,ENG,R403
2026,3,4,TSM,5B,ENG,R421
2026,3,3,WKY,5B,ENG,R404
2026,3,4,WKY,5B,ENG,R404
2026,3,5,CPK,5B,BM,R421
2026,3,5,KLF,5B,Acc,R404
2026,3,6,CPK,5B,BM,R421
2026,3,6,KLF,5B,Acc,R404
2026,3,7,CHM,5B,CHIN,R421
2026,3,7,PCS,5B,CHIN,R404
2026,3,8,CPK,5B,ARD,R404
2026,3,9,CPK,5B,CPA,R404
2026,3,9,NHCA,5B,CPA,R404
2026,4,1,NHCA,5B,MACO,R404
2026,4,1,YBK,5B,MACO,R421
2026,4,2,NHCA,5B,MACO,R404
2026,4,2,YBK,5B,MACO,R421
2026,4,3,CPK,5B,BM,R421
2026,4,3,KLF,5B,Acc,R404
2026,4,4,CPK,5B,BM,R421
2026,4,4,KLF,5B,Acc,R404
2026,4,5,CHM,5B,CHIN,R421
2026,4,5,PCS,5B,CHIN,R404
2026,4,6,CHM,5B,CHIN,R421
2026,4,6,PCS,5B,CHIN,R404
2026,4,7,FSC,5B,CS,R404
2026,4,8,CKA,5B,ENG,R403
2026,4,8,LCM,5B,ENG,ERC
2026,4,8,TSM,5B,ENG,R421
2026,4,9,CKA,5B,ENG,R403
2026,4,9,LCM,5B,ENG,ERC
2026,4,9,TSM,5B,ENG,R421
2026,4,10,TMHA,5B,Read,R404
2026,5,1,CSK,5B,MAM2,R403
2026,5,1,LHP,5B,BIO3,BIO
2026,5,1,LML,5B,ERS3,R404
2026,5,1,LWKA,5B,ICT,CR3
2026,5,1,NSK,5B,VAD3,DF
2026,5,1,TLW,5B,THS3,R411
2026,5,2,CSK,5B,MAM2,R403
2026,5,2,LHP,5B,BIO3,BIO
2026,5,2,LML,5B,ERS3,R404
2026,5,2,LWKA,5B,ICT,CR3
2026,5,2,NSK,5B,VAD3,DF
2026,5,2,TLW,5B,THS3,R411
2026,5,3,FSC,5B,CS,R404
2026,5,4,FSC,5B,CS,R404
2026,5,5,CHM,5B,CHIN,R421
2026,5,5,PCS,5B,CHIN,R404
2026,5,6,CCH,5B,CHEM,CHEM
2026,5,6,CHLA,5B,CHIS,R411
2026,5,6,LYK,5B,VAD,AD
2026,5,6,TKSA,5B,HMSC,R403
2026,5,6,TMHA,5B,ECON,R404
2026,5,7,CCH,5B,CHEM,CHEM
2026,5,7,CHLA,5B,CHIS,R411
2026,5,7,LYK,5B,VAD,AD
2026,5,7,TKSA,5B,HMSC,R403
2026,5,7,TMHA,5B,ECON,R404
2026,5,8,NHCA,5B,MACO,R404
2026,5,8,YBK,5B,MACO,R421
2026,5,9,NHCA,5B,MACO,R404
2026,5,9,YBK,5B,MACO,R421
2026,5,10,CKA,5B,ENG,R403
2026,5,10,TSM,5B,ENG,R421
2026,1,1,CCH,5C,CHEM,CHEM
2026,1,1,CHLA,5C,CHIS,R411
2026,1,1,LYK,5C,VAD,AD
2026,1,1,TKSA,5C,HMSC,R403
2026,1,1,TMHA,5C,ECON,R404
2026,1,2,CCH,5C,CHEM,CHEM
2026,1,2,CHLA,5C,CHIS,R411
2026,1,2,LYK,5C,VAD,AD
2026,1,2,TKSA,5C,HMSC,R403
2026,1,2,TMHA,5C,ECON,R404
2026,1,3,MHN,5C,MACO,R411
2026,1,4,MHN,5C,MACO,R411
2026,1,5,TKYA,5C,ENG,R411
2026,1,6,TKYA,5C,ENG,R411
2026,1,7,FSC,5C,CS,R411
2026,1,8,MKYA,5C,CHIN,R411
2026,1,9,CSK,5C,MAM2,R403
2026,1,9,LHP,5C,BIO3,R421
2026,1,9,LWKA,5C,ICT,CR3
2026,1,9,NSK,5C,VAD3,DF
2026,1,9,TLW,5C,THS3,R411
2026,1,10,CSK,5C,MAM2,R403
2026,1,10,LHP,5C,BIO3,R421
2026,1,10,LWKA,5C,ICT,CR3
2026,1,10,NSK,5C,VAD3,DF
2026,1,10,TLW,5C,THS3,R411
2026,2,1,TIS,5C,PE,PG2
2026,2,2,TIS,5C,PE,PG2
2026,2,3,MHN,5C,MACO,R411
2026,2,4,MHN,5C,MACO,R411
2026,2,5,CCH,5C,CHEM,CHEM
2026,2,5,CHLA,5C,CHIS,R411
2026,2,5,LYK,5C,VAD,AD
2026,2,5,TKSA,5C,HMSC,R403
2026,2,5,TMHA,5C,ECON,R404
2026,2,6,CCH,5C,CHEM,CHEM
2026,2,6,CHLA,5C,CHIS,R411
2026,2,6,LYK,5C,VAD,AD
2026,2,6,TKSA,5C,HMSC,R403
2026,2,6,TMHA,5C,ECON,R404
2026,2,7,TKYA,5C,ENG,R411
2026,2,8,LML,5C,ERS,R411
2026,2,9,LML,5C,ERS,R411
2026,2,10,FSC,5C,Read,R411
2026,3,1,CSK,5C,MAM2,R403
2026,3,1,LHP,5C,BIO3,BIO
2026,3,1,LWKA,5C,ICT,CR3
2026,3,1,NSK,5C,VAD3,DF
2026,3,1,TLW,5C,THS3,R411
2026,3,2,CSK,5C,MAM2,R403
2026,3,2,LHP,5C,BIO3,BIO
2026,3,2,LWKA,5C,ICT,CR3
2026,3,2,NSK,5C,VAD3,DF
2026,3,2,TLW,5C,THS3,R411
2026,3,3,FSC,5C,CS,R411
2026,3,4,FSC,5C,CS,R411
2026,3,5,LML,5C,ERS,R411
2026,3,6,LML,5C,ERS,R411
2026,3,7,MKYA,5C,CHIN,R411
2026,3,8,MHN,5C,ARD,R411
2026,3,9,FSC,5C,CPA,R411
2026,3,9,MHN,5C,CPA,R411
2026,4,1,TKYA,5C,ENG,R411
2026,4,2,TKYA,5C,ENG,R411
2026,4,3,MKYA,5C,CHIN,R411
2026,4,4,MKYA,5C,CHIN,R411
2026,4,5,MHN,5C,MACO,R411
2026,4,6,LML,5C,ERS,R411
2026,4,7,LML,5C,ERS,R411
2026,4,8,CSYA,5C,IAE,R411
2026,4,8,NMY,5C,BMVE,R411
2026,4,9,CSYA,5C,IAE,R411
2026,4,9,NMY,5C,BMVE,R411
2026,4,10,MHN,5C,Read,R411
2026,5,1,CSK,5C,MAM2,R403
2026,5,1,LHP,5C,BIO3,BIO
2026,5,1,LWKA,5C,ICT,CR3
2026,5,1,NSK,5C,VAD3,DF
2026,5,1,TLW,5C,THS3,R411
2026,5,2,CSK,5C,MAM2,R403
2026,5,2,LHP,5C,BIO3,BIO
2026,5,2,LWKA,5C,ICT,CR3
2026,5,2,NSK,5C,VAD3,DF
2026,5,2,TLW,5C,THS3,R411
2026,5,3,TKYA,5C,ENG,R411
2026,5,4,TKYA,5C,ENG,R411
2026,5,5,MHN,5C,MACO,R411
2026,5,6,CCH,5C,CHEM,CHEM
2026,5,6,CHLA,5C,CHIS,R411
2026,5,6,LYK,5C,VAD,AD
2026,5,6,TKSA,5C,HMSC,R403
2026,5,6,TMHA,5C,ECON,R404
2026,5,7,CCH,5C,CHEM,CHEM
2026,5,7,CHLA,5C,CHIS,R411
2026,5,7,LYK,5C,VAD,AD
2026,5,7,TKSA,5C,HMSC,R403
2026,5,7,TMHA,5C,ECON,R404
2026,5,8,MKYA,5C,CHIN,R411
2026,5,9,MKYA,5C,CHIN,R411
2026,5,10,LCM,5C,ENG,ERC
2026,5,10,TKYA,5C,ENG,ERC
2026,1,1,LWK,5D,ENG,R101
2026,1,2,LWK,5D,ENG,R101
2026,1,3,LHYB,5D,CS,R101
2026,1,4,LHYB,5D,CS,R101
2026,1,5,PWK,5D,MACO,R101
2026,1,6,PWK,5D,MACO,R101
2026,1,7,NKK,5D,CHIN,R101
2026,1,8,LTYA,5D,Read,R101
2026,1,9,CSK,5D,MAM2,R403
2026,1,9,LHP,5D,BIO3,R421
2026,1,9,LML,5D,ERS3,R404
2026,1,9,LWKA,5D,ICT,CR3
2026,1,9,NSK,5D,VAD3,DF
2026,1,9,TLW,5D,THS3,R411
2026,1,10,CSK,5D,MAM2,R403
2026,1,10,LHP,5D,BIO3,R421
2026,1,10,LML,5D,ERS3,R404
2026,1,10,LWKA,5D,ICT,CR3
2026,1,10,NSK,5D,VAD3,DF
2026,1,10,TLW,5D,THS3,R411
2026,2,1,PWK,5D,MACO,R101
2026,2,2,PWK,5D,MACO,R101
2026,2,3,LKYA,5D,PE,PG2
2026,2,4,LKYA,5D,PE,PG2
2026,2,5,NKK,5D,CHIN,R101
2026,2,6,LTYA,5D,WCU,R101
2026,2,7,LTYA,5D,WCU,R101
2026,2,8,LTYA,5D,APL,R101
2026,2,9,LTYA,5D,APL,R101
2026,2,10,LTYA,5D,APL,R101
2026,3,1,CSK,5D,MAM2,R403
2026,3,1,LHP,5D,BIO3,BIO
2026,3,1,LML,5D,ERS3,R404
2026,3,1,LWKA,5D,ICT,CR3
2026,3,1,NSK,5D,VAD3,DF
2026,3,1,TLW,5D,THS3,R411
2026,3,2,CSK,5D,MAM2,R403
2026,3,2,LHP,5D,BIO3,BIO
2026,3,2,LML,5D,ERS3,R404
2026,3,2,LWKA,5D,ICT,CR3
2026,3,2,NSK,5D,VAD3,DF
2026,3,2,TLW,5D,THS3,R411
2026,3,3,LWK,5D,ENG,R101
2026,3,4,LWK,5D,ENG,R101
2026,3,5,PWK,5D,MACO,R101
2026,3,6,NKK,5D,CHIN,R101
2026,3,7,NKK,5D,CHIN,R101
2026,3,8,LWK,5D,ARD,R101
2026,3,9,LCF,5D,CPA,R101
2026,3,9,LWK,5D,CPA,R101
2026,4,1,LCF,5D,HO,R101
2026,4,2,LCF,5D,HO,R101
2026,4,3,LCF,5D,HO,R101
2026,4,4,LCF,5D,HO,R101
2026,4,5,LCF,5D,APL,R101
2026,4,6,LCF,5D,APL,R101
2026,4,7,LCF,5D,APL,R101
2026,4,8,LCF,5D,Read,R101
2026,4,9,LWK,5D,ENG,R101
2026,4,10,LWK,5D,ENG,R101
2026,5,1,CSK,5D,MAM2,R403
2026,5,1,LHP,5D,BIO3,BIO
2026,5,1,LML,5D,ERS3,R404
2026,5,1,LWKA,5D,ICT,CR3
2026,5,1,NSK,5D,VAD3,DF
2026,5,1,TLW,5D,THS3,R411
2026,5,2,CSK,5D,MAM2,R403
2026,5,2,LHP,5D,BIO3,BIO
2026,5,2,LML,5D,ERS3,R404
2026,5,2,LWKA,5D,ICT,CR3
2026,5,2,NSK,5D,VAD3,DF
2026,5,2,TLW,5D,THS3,R411
2026,5,3,NKK,5D,CHIN,R101
2026,5,4,NKK,5D,CHIN,R101
2026,5,5,LWK,5D,ENG,R101
2026,5,6,LWK,5D,ENG,R101
2026,5,7,PWK,5D,MACO,R101
2026,5,8,CSYA,5D,IAE,R101
2026,5,8,NMY,5D,BMVE,R101
2026,5,9,CSYA,5D,IAE,R101
2026,5,9,NMY,5D,BMVE,R101
2026,5,10,LHYB,5D,CS,R101
2026,1,1,MHN,6A,MACO,R412
2026,1,1,YBK,6A,MACO,R322
2026,1,2,MHN,6A,MACO,R412
2026,1,2,YBK,6A,MACO,R322
2026,1,3,CCH,6A,CHEM,CHEM
2026,1,3,CPK,6A,ECON,R402
2026,1,3,CWL,6A,CHIS,R313
2026,1,3,LEW,6A,HMSC,R412
2026,1,3,TLW,6A,THS2,R201
2026,1,4,CCH,6A,CHEM,CHEM
2026,1,4,CPK,6A,ECON,R402
2026,1,4,CWL,6A,CHIS,R313
2026,1,4,LEW,6A,HMSC,R412
2026,1,4,TLW,6A,THS2,R201
2026,1,5,FMKA,6A,PHY,PHY
2026,1,5,LHP,6A,BIO,R412
2026,1,6,FMKA,6A,PHY,PHY
2026,1,6,LHP,6A,BIO,R412
2026,1,7,CSCA,6A,ENG,R412
2026,1,7,LCM,6A,ENG,ERC
2026,1,7,TKYA,6A,ENG,R322
2026,1,8,CSW,6A,CHIN,R322
2026,1,8,PCS,6A,CHIN,R412
2026,1,9,CSW,6A,CHIN,R322
2026,1,9,PCS,6A,CHIN,R412
2026,1,10,CHM,6A,MAUP,
2026,1,10,CSW,6A,MAUP,
2026,1,10,KYM,6A,MAUP,CR1
2026,1,10,LKMB,6A,MAUP,BIO
2026,1,10,LYK,6A,MAUP,AD
2026,1,10,MHN,6A,MAUP,
2026,1,10,NMY,6A,MAUP,
2026,1,10,PCS,6A,MAUP,
2026,1,10,SSTA,6A,MAUP,
2026,2,1,CSCA,6A,ENG,R412
2026,2,1,TKYA,6A,ENG,R322
2026,2,2,CSCA,6A,ENG,R412
2026,2,2,TKYA,6A,ENG,R322
2026,2,3,FSC,6A,CS,R412
2026,2,4,FSC,6A,CS,R412
2026,2,5,CSW,6A,CHIN,R322
2026,2,5,PCS,6A,CHIN,R412
2026,2,6,FMKA,6A,PHY,PHY
2026,2,6,LHP,6A,BIO,BIO
2026,2,7,FMKA,6A,PHY,PHY
2026,2,7,LHP,6A,BIO,BIO
2026,2,8,KYM,6A,ICT,CR1
2026,2,8,LKMB,6A,BIO3,BIO
2026,2,8,LYK,6A,VAD3,AD
2026,2,8,MHN,6A,MAM2,R412
2026,2,8,NMY,6A,ERS3,R322
2026,2,8,SSTA,6A,THS3,R402
2026,2,9,KYM,6A,ICT,CR1
2026,2,9,LKMB,6A,BIO3,BIO
2026,2,9,LYK,6A,VAD3,AD
2026,2,9,MHN,6A,MAM2,R412
2026,2,9,NMY,6A,ERS3,R322
2026,2,9,SSTA,6A,THS3,R402
2026,2,10,PWK,6A,MAUP,
2026,2,10,FMKA,6A,MAUP,PHY
2026,2,10,LHP,6A,MAUP,BIO
2026,2,10,MHN,6A,MAUP,
2026,2,10,YBK,6A,MAUP,
2026,3,1,MHN,6A,MACO,R412
2026,3,1,YBK,6A,MACO,R322
2026,3,2,MHN,6A,MACO,R412
2026,3,2,YBK,6A,MACO,R322
2026,3,3,KYM,6A,ICT,CR1
2026,3,3,LKMB,6A,BIO3,R201
2026,3,3,LYK,6A,VAD3,AD
2026,3,3,MHN,6A,MAM2,R412
2026,3,3,NMY,6A,ERS3,R322
2026,3,3,SSTA,6A,THS3,R402
2026,3,4,KYM,6A,ICT,CR1
2026,3,4,LKMB,6A,BIO3,R201
2026,3,4,LYK,6A,VAD3,AD
2026,3,4,MHN,6A,MAM2,R412
2026,3,4,NMY,6A,ERS3,R322
2026,3,4,SSTA,6A,THS3,R402
2026,3,5,CSW,6A,CHIN,R322
2026,3,5,PCS,6A,CHIN,R412
2026,3,6,CSW,6A,CHIN,R322
2026,3,6,PCS,6A,CHIN,R412
2026,3,7,CSCA,6A,ENG,R412
2026,3,7,LCM,6A,ENG,ERC
2026,3,7,TKYA,6A,ENG,R322
2026,3,8,FMKA,6A,ARD,R412
2026,3,9,CTHA,6A,CPA,R412
2026,3,9,PCS,6A,CPA,R412
2026,4,1,KYM,6A,ICT,CR1
2026,4,1,LKMB,6A,BIO3,BIO
2026,4,1,LYK,6A,VAD3,AD
2026,4,1,MHN,6A,MAM2,R412
2026,4,1,NMY,6A,ERS3,R322
2026,4,1,SSTA,6A,THS3,R402
2026,4,2,KYM,6A,ICT,CR1
2026,4,2,LKMB,6A,BIO3,BIO
2026,4,2,LYK,6A,VAD3,AD
2026,4,2,MHN,6A,MAM2,R412
2026,4,2,NMY,6A,ERS3,R322
2026,4,2,SSTA,6A,THS3,R402
2026,4,3,CSCA,6A,ENG,R412
2026,4,3,LCM,6A,ENG,ERC
2026,4,3,TKYA,6A,ENG,R322
2026,4,4,CSCA,6A,ENG,R412
2026,4,4,LCM,6A,ENG,ERC
2026,4,4,TKYA,6A,ENG,R322
2026,4,5,FMKA,6A,PHY,PHY
2026,4,5,LHP,6A,BIO,R412
2026,4,6,FMKA,6A,PHY,PHY
2026,4,6,LHP,6A,BIO,R412
2026,4,7,CSW,6A,CHIN,R322
2026,4,7,PCS,6A,CHIN,R412
2026,4,8,CCH,6A,CHEM,CHEM
2026,4,8,CPK,6A,ECON,R402
2026,4,8,CWL,6A,CHIS,R313
2026,4,8,LEW,6A,HMSC,R412
2026,4,8,TLW,6A,THS2,R201
2026,4,9,CCH,6A,CHEM,CHEM
2026,4,9,CPK,6A,ECON,R402
2026,4,9,CWL,6A,CHIS,R313
2026,4,9,LEW,6A,HMSC,R412
2026,4,9,TLW,6A,THS2,R201
2026,4,10,CMTA,6A,MAUP,
2026,4,10,CSCA,6A,MAUP,
2026,4,10,FSC,6A,MAUP,R412
2026,4,10,TKYA,6A,MAUP,
2026,5,1,MHN,6A,MACO,R412
2026,5,1,YBK,6A,MACO,R322
2026,5,2,MHN,6A,MACO,R412
2026,5,2,YBK,6A,MACO,R322
2026,5,3,LKYA,6A,PE,PG1
2026,5,4,LKYA,6A,PE,PG1
2026,5,5,FSC,6A,CS,R412
2026,5,6,CSCA,6A,ENG,R412
2026,5,6,TKYA,6A,ENG,R322
2026,5,7,CSCA,6A,ENG,R412
2026,5,7,TKYA,6A,ENG,R322
2026,5,8,CCH,6A,CHEM,CHEM
2026,5,8,CPK,6A,ECON,R402
2026,5,8,CWL,6A,CHIS,R322
2026,5,8,LEW,6A,HMSC,R412
2026,5,8,TLW,6A,THS2,R201
2026,5,9,CCH,6A,CHEM,CHEM
2026,5,9,CPK,6A,ECON,R402
2026,5,9,CWL,6A,CHIS,R322
2026,5,9,LEW,6A,HMSC,R412
2026,5,9,TLW,6A,THS2,R201
2026,5,10,CCH,6A,MAUP,CHEM
2026,5,10,CPK,6A,MAUP,
2026,5,10,CWL,6A,MAUP,
2026,5,10,LEW,6A,MAUP,
2026,5,10,LYF,6A,MAUP,
2026,5,10,TLW,6A,MAUP,
2026,1,1,PWK,6B,MACO,R402
2026,1,1,YBK,6B,MACO,R322
2026,1,2,PWK,6B,MACO,R402
2026,1,2,YBK,6B,MACO,R322
2026,1,3,CCH,6B,CHEM,CHEM
2026,1,3,CPK,6B,ECON,R402
2026,1,3,CWL,6B,CHIS,R313
2026,1,3,LEW,6B,HMSC,R412
2026,1,3,TLW,6B,THS2,R201
2026,1,4,CCH,6B,CHEM,CHEM
2026,1,4,CPK,6B,ECON,R402
2026,1,4,CWL,6B,CHIS,R313
2026,1,4,LEW,6B,HMSC,R412
2026,1,4,TLW,6B,THS2,R201
2026,1,5,LHYB,6B,CS,R402
2026,1,6,LHYB,6B,CS,R402
2026,1,7,CMTA,6B,ENG,R402
2026,1,7,LCM,6B,ENG,ERC
2026,1,7,TKYA,6B,ENG,R322
2026,1,8,CHM,6B,CHIN,R402
2026,1,8,CSW,6B,CHIN,R322
2026,1,9,CHM,6B,CHIN,R402
2026,1,9,CSW,6B,CHIN,R322
2026,1,10,CHM,6B,MAUP,
2026,1,10,CSW,6B,MAUP,
2026,1,10,KYM,6B,MAUP,CR1
2026,1,10,LKMB,6B,MAUP,BIO
2026,1,10,LYK,6B,MAUP,AD
2026,1,10,MHN,6B,MAUP,
2026,1,10,NMY,6B,MAUP,
2026,1,10,PCS,6B,MAUP,
2026,1,10,SSTA,6B,MAUP,
2026,2,1,CMTA,6B,ENG,R402
2026,2,1,TKYA,6B,ENG,R322
2026,2,2,CMTA,6B,ENG,R402
2026,2,2,TKYA,6B,ENG,R322
2026,2,3,KLF,6B,Acc,R402
2026,2,3,TMHA,6B,BM,R322
2026,2,4,KLF,6B,Acc,R402
2026,2,4,TMHA,6B,BM,R322
2026,2,5,CHM,6B,CHIN,R402
2026,2,5,CSW,6B,CHIN,R322
2026,2,6,SSTA,6B,PE,PG1
2026,2,7,SSTA,6B,PE,PG1
2026,2,8,KYM,6B,ICT,CR1
2026,2,8,LKMB,6B,BIO3,BIO
2026,2,8,LYK,6B,VAD3,AD
2026,2,8,MHN,6B,MAM2,R412
2026,2,8,NMY,6B,ERS3,R322
2026,2,8,SSTA,6B,THS3,R402
2026,2,9,KYM,6B,ICT,CR1
2026,2,9,LKMB,6B,BIO3,BIO
2026,2,9,LYK,6B,VAD3,AD
2026,2,9,MHN,6B,MAM2,R412
2026,2,9,NMY,6B,ERS3,R322
2026,2,9,SSTA,6B,THS3,R402
2026,2,10,PWK,6B,MAUP,
2026,2,10,KLF,6B,MAUP,
2026,2,10,MHN,6B,MAUP,
2026,2,10,TMHA,6B,MAUP,
2026,2,10,YBK,6B,MAUP,
2026,3,1,PWK,6B,MACO,R402
2026,3,1,YBK,6B,MACO,R322
2026,3,2,PWK,6B,MACO,R402
2026,3,2,YBK,6B,MACO,R322
2026,3,3,KYM,6B,ICT,CR1
2026,3,3,LKMB,6B,BIO3,R201
2026,3,3,LYK,6B,VAD3,AD
2026,3,3,MHN,6B,MAM2,R412
2026,3,3,NMY,6B,ERS3,R322
2026,3,3,SSTA,6B,THS3,R402
2026,3,4,KYM,6B,ICT,CR1
2026,3,4,LKMB,6B,BIO3,R201
2026,3,4,LYK,6B,VAD3,AD
2026,3,4,MHN,6B,MAM2,R412
2026,3,4,NMY,6B,ERS3,R322
2026,3,4,SSTA,6B,THS3,R402
2026,3,5,CHM,6B,CHIN,R402
2026,3,5,CSW,6B,CHIN,R322
2026,3,6,CHM,6B,CHIN,R402
2026,3,6,CSW,6B,CHIN,R322
2026,3,7,CMTA,6B,ENG,R402
2026,3,7,LCM,6B,ENG,ERC
2026,3,7,TKYA,6B,ENG,R322
2026,3,8,CHM,6B,ARD,R402
2026,3,9,CHM,6B,CPA,R402
2026,3,9,TMHA,6B,CPA,R402
2026,4,1,KYM,6B,ICT,CR1
2026,4,1,LKMB,6B,BIO3,BIO
2026,4,1,LYK,6B,VAD3,AD
2026,4,1,MHN,6B,MAM2,R412
2026,4,1,NMY,6B,ERS3,R322
2026,4,1,SSTA,6B,THS3,R402
2026,4,2,KYM,6B,ICT,CR1
2026,4,2,LKMB,6B,BIO3,BIO
2026,4,2,LYK,6B,VAD3,AD
2026,4,2,MHN,6B,MAM2,R412
2026,4,2,NMY,6B,ERS3,R322
2026,4,2,SSTA,6B,THS3,R402
2026,4,3,CMTA,6B,ENG,R402
2026,4,3,LCM,6B,ENG,ERC
2026,4,3,TKYA,6B,ENG,R322
2026,4,4,CMTA,6B,ENG,R402
2026,4,4,LCM,6B,ENG,ERC
2026,4,4,TKYA,6B,ENG,R322
2026,4,5,KLF,6B,Acc,R402
2026,4,5,TMHA,6B,BM,R322
2026,4,6,KLF,6B,Acc,R402
2026,4,6,TMHA,6B,BM,R322
2026,4,7,CHM,6B,CHIN,R402
2026,4,7,CSW,6B,CHIN,R322
2026,4,8,CCH,6B,CHEM,CHEM
2026,4,8,CPK,6B,ECON,R402
2026,4,8,CWL,6B,CHIS,R313
2026,4,8,LEW,6B,HMSC,R412
2026,4,8,TLW,6B,THS2,R201
2026,4,9,CCH,6B,CHEM,CHEM
2026,4,9,CPK,6B,ECON,R402
2026,4,9,CWL,6B,CHIS,R313
2026,4,9,LEW,6B,HMSC,R412
2026,4,9,TLW,6B,THS2,R201
2026,4,10,CMTA,6B,MAUP,
2026,4,10,CSCA,6B,MAUP,
2026,4,10,LHYB,6B,MAUP,R402
2026,4,10,TKYA,6B,MAUP,
2026,5,1,PWK,6B,MACO,R402
2026,5,1,YBK,6B,MACO,R322
2026,5,2,PWK,6B,MACO,R402
2026,5,2,YBK,6B,MACO,R322
2026,5,3,KLF,6B,Acc,R402
2026,5,3,TMHA,6B,BM,R322
2026,5,4,KLF,6B,Acc,R402
2026,5,4,TMHA,6B,BM,R322
2026,5,5,LHYB,6B,CS,R402
2026,5,6,CMTA,6B,ENG,R402
2026,5,6,TKYA,6B,ENG,R322
2026,5,7,CMTA,6B,ENG,R402
2026,5,7,TKYA,6B,ENG,R322
2026,5,8,CCH,6B,CHEM,CHEM
2026,5,8,CPK,6B,ECON,R402
2026,5,8,CWL,6B,CHIS,R322
2026,5,8,LEW,6B,HMSC,R412
2026,5,8,TLW,6B,THS2,R201
2026,5,9,CCH,6B,CHEM,CHEM
2026,5,9,CPK,6B,ECON,R402
2026,5,9,CWL,6B,CHIS,R322
2026,5,9,LEW,6B,HMSC,R412
2026,5,9,TLW,6B,THS2,R201
2026,5,10,CCH,6B,MAUP,CHEM
2026,5,10,CPK,6B,MAUP,
2026,5,10,CWL,6B,MAUP,
2026,5,10,LEW,6B,MAUP,
2026,5,10,LYF,6B,MAUP,
2026,5,10,TLW,6B,MAUP,
2026,1,1,NMY,6C,ERS,R201
2026,1,2,NMY,6C,ERS,R201
2026,1,3,CCH,6C,CHEM,CHEM
2026,1,3,CPK,6C,ECON,R402
2026,1,3,CWL,6C,CHIS,R313
2026,1,3,LEW,6C,HMSC,R412
2026,1,3,TLW,6C,THS2,R201
2026,1,4,CCH,6C,CHEM,CHEM
2026,1,4,CPK,6C,ECON,R402
2026,1,4,CWL,6C,CHIS,R313
2026,1,4,LEW,6C,HMSC,R412
2026,1,4,TLW,6C,THS2,R201
2026,1,5,PKK,6C,CHIN,R201
2026,1,6,WKY,6C,ENG,R201
2026,1,7,WKY,6C,ENG,R201
2026,1,8,FSC,6C,CS,R201
2026,1,9,FSC,6C,CS,R201
2026,1,10,FSC,6C,MAUP,R201
2026,1,10,KYM,6C,MAUP,CR1
2026,1,10,LKMB,6C,MAUP,BIO
2026,1,10,LYK,6C,MAUP,AD
2026,1,10,MHN,6C,MAUP,
2026,1,10,NMY,6C,MAUP,
2026,1,10,SSTA,6C,MAUP,
2026,2,1,NMY,6C,ERS,R201
2026,2,2,NMY,6C,ERS,R201
2026,2,3,WKY,6C,ENG,R201
2026,2,4,WKY,6C,ENG,R201
2026,2,5,PKK,6C,CHIN,R201
2026,2,6,LKYA,6C,PE,PG2
2026,2,7,LKYA,6C,PE,PG2
2026,2,8,KYM,6C,ICT,CR1
2026,2,8,LKMB,6C,BIO3,BIO
2026,2,8,LYK,6C,VAD3,AD
2026,2,8,MHN,6C,MAM2,R412
2026,2,8,SSTA,6C,THS3,R402
2026,2,9,KYM,6C,ICT,CR1
2026,2,9,LKMB,6C,BIO3,BIO
2026,2,9,LYK,6C,VAD3,AD
2026,2,9,MHN,6C,MAM2,R412
2026,2,9,SSTA,6C,THS3,R402
2026,2,10,CSK,6C,MAUP,
2026,2,10,NMY,6C,MAUP,
2026,3,1,WKY,6C,ENG,R201
2026,3,2,WKY,6C,ENG,R201
2026,3,3,KYM,6C,ICT,CR1
2026,3,3,LKMB,6C,BIO3,R201
2026,3,3,LYK,6C,VAD3,AD
2026,3,3,MHN,6C,MAM2,R412
2026,3,3,SSTA,6C,THS3,R402
2026,3,4,KYM,6C,ICT,CR1
2026,3,4,LKMB,6C,BIO3,R201
2026,3,4,LYK,6C,VAD3,AD
2026,3,4,MHN,6C,MAM2,R412
2026,3,4,SSTA,6C,THS3,R402
2026,3,5,CSK,6C,MACO,R201
2026,3,6,CSK,6C,MACO,R201
2026,3,7,FSC,6C,CS,R201
2026,3,8,NMY,6C,ARD,R201
2026,3,9,CSK,6C,CPA,R201
2026,3,9,NMY,6C,CPA,R201
2026,4,1,KYM,6C,ICT,CR1
2026,4,1,LKMB,6C,BIO3,BIO
2026,4,1,LYK,6C,VAD3,AD
2026,4,1,MHN,6C,MAM2,R412
2026,4,1,SSTA,6C,THS3,R402
2026,4,2,KYM,6C,ICT,CR1
2026,4,2,LKMB,6C,BIO3,BIO
2026,4,2,LYK,6C,VAD3,AD
2026,4,2,MHN,6C,MAM2,R412
2026,4,2,SSTA,6C,THS3,R402
2026,4,3,CSK,6C,MACO,R201
2026,4,4,CSK,6C,MACO,R201
2026,4,5,WKY,6C,ENG,R201
2026,4,6,PKK,6C,CHIN,R201
2026,4,7,PKK,6C,CHIN,R201
2026,4,8,CCH,6C,CHEM,CHEM
2026,4,8,CPK,6C,ECON,R402
2026,4,8,CWL,6C,CHIS,R313
2026,4,8,LEW,6C,HMSC,R412
2026,4,8,TLW,6C,THS2,R201
2026,4,9,CCH,6C,CHEM,CHEM
2026,4,9,CPK,6C,ECON,R402
2026,4,9,CWL,6C,CHIS,R313
2026,4,9,LEW,6C,HMSC,R412
2026,4,9,TLW,6C,THS2,R201
2026,4,10,PKK,6C,MAUP,
2026,4,10,WKY,6C,MAUP,
2026,5,1,NMY,6C,ERS,R201
2026,5,2,NMY,6C,ERS,R201
2026,5,3,PKK,6C,CHIN,R201
2026,5,4,PKK,6C,CHIN,R201
2026,5,5,CSK,6C,MACO,R201
2026,5,6,CSK,6C,MACO,R201
2026,5,7,LCM,6C,ENG,ERC
2026,5,7,WKY,6C,ENG,ERC
2026,5,8,CCH,6C,CHEM,CHEM
2026,5,8,CPK,6C,ECON,R402
2026,5,8,CWL,6C,CHIS,R322
2026,5,8,LEW,6C,HMSC,R412
2026,5,8,TLW,6C,THS2,R201
2026,5,9,CCH,6C,CHEM,CHEM
2026,5,9,CPK,6C,ECON,R402
2026,5,9,CWL,6C,CHIS,R322
2026,5,9,LEW,6C,HMSC,R412
2026,5,9,TLW,6C,THS2,R201
2026,5,10,CCH,6C,MAUP,CHEM
2026,5,10,CPK,6C,MAUP,
2026,5,10,CWL,6C,MAUP,
2026,5,10,LEW,6C,MAUP,
2026,5,10,LYF,6C,MAUP,
2026,5,10,TLW,6C,MAUP,
2026,1,1,NKK,6D,CHIN,R211
2026,1,2,NKK,6D,CHIN,R211
2026,1,3,NHCA,6D,MACO,R211
2026,1,4,NHCA,6D,MACO,R211
2026,1,5,CHK,6D,ENG,R211
2026,1,6,CHK,6D,ENG,R211
2026,1,7,LYF,6D,WCU,R211
2026,1,8,NKK,6D,DL,R211
2026,1,9,NKK,6D,DL,R211
2026,1,10,KYM,6D,MAUP,CR1
2026,1,10,LHYB,6D,MAUP,R211
2026,1,10,LKMB,6D,MAUP,BIO
2026,1,10,LYK,6D,MAUP,AD
2026,1,10,MHN,6D,MAUP,
2026,1,10,NMY,6D,MAUP,
2026,1,10,SSTA,6D,MAUP,
2026,2,1,NKK,6D,CHIN,R211
2026,2,2,NKK,6D,CHIN,R211
2026,2,3,NHCA,6D,MACO,R211
2026,2,4,NHCA,6D,MACO,R211
2026,2,5,CHK,6D,DL,R211
2026,2,6,CHK,6D,DL,R211
2026,2,7,CHK,6D,ENG,R211
2026,2,8,KYM,6D,ICT,CR1
2026,2,8,LKMB,6D,BIO3,BIO
2026,2,8,LYK,6D,VAD3,AD
2026,2,8,MHN,6D,MAM2,R412
2026,2,8,NMY,6D,ERS3,R322
2026,2,8,SSTA,6D,THS3,R402
2026,2,9,KYM,6D,ICT,CR1
2026,2,9,LKMB,6D,BIO3,BIO
2026,2,9,LYK,6D,VAD3,AD
2026,2,9,MHN,6D,MAM2,R412
2026,2,9,NMY,6D,ERS3,R322
2026,2,9,SSTA,6D,THS3,R402
2026,2,10,NHCA,6D,MAUP,R211
2026,3,1,CHK,6D,ENG,R211
2026,3,2,CHK,6D,ENG,R211
2026,3,3,KYM,6D,ICT,CR1
2026,3,3,LKMB,6D,BIO3,R201
2026,3,3,LYK,6D,VAD3,AD
2026,3,3,MHN,6D,MAM2,R412
2026,3,3,NMY,6D,ERS3,R322
2026,3,3,SSTA,6D,THS3,R402
2026,3,4,KYM,6D,ICT,CR1
2026,3,4,LKMB,6D,BIO3,R201
2026,3,4,LYK,6D,VAD3,AD
2026,3,4,MHN,6D,MAM2,R412
2026,3,4,NMY,6D,ERS3,R322
2026,3,4,SSTA,6D,THS3,R402
2026,3,5,NHCA,6D,MACO,R211
2026,3,6,NHCA,6D,MACO,R211
2026,3,7,LHYB,6D,CS,R211
2026,3,8,LYF,6D,ARD,R211
2026,3,9,LYF,6D,CPA,R211
2026,3,9,NKK,6D,CPA,R211
2026,4,1,KYM,6D,ICT,CR1
2026,4,1,LKMB,6D,BIO3,BIO
2026,4,1,LYK,6D,VAD3,AD
2026,4,1,MHN,6D,MAM2,R412
2026,4,1,NMY,6D,ERS3,R322
2026,4,1,SSTA,6D,THS3,R402
2026,4,2,KYM,6D,ICT,CR1
2026,4,2,LKMB,6D,BIO3,BIO
2026,4,2,LYK,6D,VAD3,AD
2026,4,2,MHN,6D,MAM2,R412
2026,4,2,NMY,6D,ERS3,R322
2026,4,2,SSTA,6D,THS3,R402
2026,4,3,CHK,6D,ENG,R211
2026,4,4,CHK,6D,ENG,R211
2026,4,5,LHYB,6D,CS,R211
2026,4,6,LHYB,6D,CS,R211
2026,4,7,NKK,6D,CHIN,R211
2026,4,8,NHCA,6D,DL,R211
2026,4,9,NHCA,6D,DL,R211
2026,4,10,CHK,6D,MAUP,
2026,4,10,NKK,6D,MAUP,
2026,5,1,NKK,6D,CHIN,R211
2026,5,2,CHK,6D,ENG,R211
2026,5,3,TIS,6D,PE,PG2
2026,5,4,TIS,6D,PE,PG2
2026,5,5,LYF,6D,APL,R211
2026,5,6,LYF,6D,APL,R211
2026,5,7,LYF,6D,APL,R211
2026,5,8,LYF,6D,WCU,R211
2026,5,9,LYF,6D,WCU,R211
2026,5,10,CCH,6D,MAUP,CHEM
2026,5,10,CPK,6D,MAUP,
2026,5,10,CWL,6D,MAUP,
2026,5,10,LEW,6D,MAUP,
2026,5,10,LYF,6D,MAUP,
2026,5,10,TLW,6D,MAUP,
2026,4,4,LHYB,CLP0,DISP,
2026,4,4,LWY,CLP0,DISP,
2026,4,4,YTL,CLP0,DISP,
2026,3,7,LEW,CLP0,COUN,
2026,3,7,LYK,CLP0,COUN,
2026,3,7,TKSA,CLP0,COUN,
2026,3,7,TMHA,CLP0,COUN,
2026,3,7,TSM,CLP0,COUN,
2026,3,7,YYS,CLP0,COUN,
2026,4,1,CSW,CLP0,MT,
2026,4,2,CSW,CLP0,MT,
2026,4,2,KKH,CLP0,MT,
2026,4,1,KKH,CLP0,MT,
2026,4,1,LCW,CLP0,MT,
2026,4,2,LCW,CLP0,MT,
2026,4,1,MKW,CLP0,MT,
2026,4,2,MKW,CLP0,MT,
2026,4,2,TIS,CLP0,MT,
2026,4,1,TIS,CLP0,MT,
2026,3,8,LCF,LIFE,PLAN,
2026,3,8,LHP,LIFE,PLAN,
2026,3,8,LPHA,LIFE,PLAN,
2026,3,8,PCS,LIFE,PLAN,
2026,3,8,TKYA,LIFE,PLAN,